Serial Number;I_0 (nA);Iddq_0h;tpd_0h_ps;I_24 (nA);Iddq_24h;tpd_24h_ps;I_168 (nA);Iddq_168h;tpd_168h_ps
EX-B001-SN0001;11219.8;1.5502;4246.2;12296.0;1.3784;4167.3;11814.5;1.3449;4107.6
EX-B001-SN0002;9574.7;1.5828;4268.6;9098.1;1.4375;4618.3;9705.7;1.6124;4298.2
EX-B001-SN0003;11722.6;1.4126;4497.9;13300.2;1.6602;3910.2;13579.5;1.6286;4187.9
EX-B001-SN0004;10456.8;1.6915;3699.9;10066.3;;4019.6;10197.9;1.5426;3681.9
EX-B001-SN0005;10241.6;1.5465;4037.2;11537.6;1.4955;4088.9;10466.1;1.6444;4476.4
EX-B001-SN0006;8607.3;1.54;n.a.?;7593.2;1.5391;4159.7;7619.0;1.5098;4447.2
EX-B001-SN0007;8555.6;1.5784;3734.5;17305.6;1.5504;4125.2;46546.1;1.8843;3526.9
EX-B001-SN0008;10185.8;1.4835;3776.1;9884.6;1.5508;3742.1;9151.8;1.4829;3955.2
EX-B001-SN0009;8839.7;1.4447;4431.0;8841.4;1.3568;3857.5;10674.6;1.5367;4320.6
EX-B001-SN0010;8524.4;1.6266;4109.9;9256.5;1.6505;3853.6;8131.0;1.5355;3930.0
EX-B001-SN0011;9570.8;1.6145;4313.6;9003.8;1.4563;4139.9;9377.3;1.5526;4185.9
EX-B001-SN0012;9860.4;1.5656;3901.2;9594.4;1.4891;3733.1;9308.9;1.4382;4192.4
EX-B001-SN0013;8328.1;1.6053;4356.9;8626.5;1.537;4134.8;8248.2;1.5515;4015.9
EX-B001-SN0014;9220.4;1.4216;4048.0;8738.8;1.4803;4335.0;35888.1;1.9163;4090.3
EX-B001-SN0015;9753.0;1.4719;4148.9;9381.6;1.4556;4095.8;9649.9;1.5175;4331.3
EX-B001-SN0016;10201.5;1.5128;4436.4;8367.2;1.3548;3826.3;9898.0;1.5555;3843.0
EX-B001-SN0017;9037.5;1.6302;4074.3;8453.6;1.4534;4079.2;10139.7;1.4475;4326.8
EX-B001-SN0018;9645.3;1.6464;4150.4;10418.7;1.4813;4453.8;9771.9;1.5468;4052.9
EX-B001-SN0019;11313.3;1.4115;4352.7;11137.3;1.3906;4012.3;44162.6;1.9033;3660.6
EX-B001-SN0020;11014.9;1.4903;3309.9;10889.2;1.3946;4221.1;11145.5;1.42;4189.3
EX-B001-SN0021;13047.8;1.4926;4275.5;13418.1;1.564;3727.5;13479.3;1.5352;3942.1
EX-B001-SN0022;10350.8;1.5977;4402.6;12101.6;1.5365;4443.9;11075.2;1.7828;4354.5
EX-B001-SN0023;9975.8;1.5742;3906.5;10226.1;1.4425;4146.8;10716.3;1.504;4365.6
EX-B001-SN0024;10960.3;1.5772;4124.1;9488.3;1.6166;3784.9;9297.8;1.5223;3787.6
EX-B001-SN0025;9916.8;1.5158;3813.8;9489.3;1.4268;4308.1;8556.3;1.5974;4254.1
EX-B001-SN0026;8472.1;1.4089;4626.4;10038.7;1.6004;4075.2;9065.7;1.5104;4250.4
EX-B001-SN0027;9693.7;1.5012;4344.2;10644.1;1.5972;4490.5;9651.8;1.6401;4108.1
EX-B001-SN0028;10085.9;1.5187;4226.6;10687.8;1.5113;4089.8;10276.2;1.4443;3794.0
EX-B001-SN0029;8097.7;1.4351;4030.9;17886.3;1.5473;4364.7;41613.2;1.9374;4169.4
EX-B001-SN0030;9164.9;1.4762;4266.6;9941.1;1.5475;4445.7;8598.2;1.5222;4374.1
EX-B001-SN0031;9541.1;1.6043;4264.6;10462.0;1.6014;4176.3;9868.6;1.6705;4089.8
EX-B001-SN0032;11801.0;1.702;4162.4;11042.1;1.5588;4888.8;10673.5;1.5577;3994.4
EX-B001-SN0033;10045.8;1.527;4028.9;9340.6;1.4665;4038.2;9761.4;1.4208;4356.3
EX-B001-SN0034;10814.4;1.3405;4114.2;9804.8;1.4447;4279.1;9878.2;1.3815;3924.6
EX-B001-SN0035;10369.9;1.4304;3835.5;10929.2;1.5626;4391.3;10773.6;1.421;4613.8
EX-B001-SN0036;14003.2;1.5267;4530.2;14736.7;1.5935;4540.3;13209.6;1.7193;4231.4
EX-B001-SN0037;11447.7;1.5834;3812.3;11895.5;1.5738;4288.4;11439.2;1.6394;4022.8
EX-B001-SN0038;10511.4;1.2927;3473.9;9302.3;1.4424;4456.6;8755.6;1.3888;4342.4
EX-B001-SN0039;9611.2;1.5661;4314.1;8381.9;1.595;4073.6;9405.2;1.4595;4225.6
EX-B001-SN0040;9026.2;1.6832;4172.6;8910.8;1.6163;3953.4;9378.3;1.5756;4237.1
EX-B001-SN0041;9805.7;1.4849;4229.6;11113.0;1.5783;4358.4;10717.7;1.4262;4291.1
EX-B001-SN0042;8161.4;1.4755;4513.4;8106.5;1.525;4587.0;8971.7;1.4769;4096.0
EX-B001-SN0043;10965.3;1.5438;3798.9;11196.9;1.5937;4067.1;11545.4;1.3587;4223.8
EX-B001-SN0044;10937.8;1.6258;4484.7;10512.2;1.5864;4322.8;10326.9;1.466;4184.9
EX-B001-SN0045;12049.6;1.332;3969.5;11701.9;1.4246;4321.8;11226.9;1.2683;4650.0
EX-B001-SN0046;8951.2;1.4737;3888.5;8750.6;1.6512;3619.6;9314.6;1.5223;3987.1
EX-B001-SN0047;10173.6;1.6011;4486.4;10089.4;1.5194;4321.9;10181.4;1.5188;4540.0
EX-B001-SN0048;9071.5;1.4055;4442.5;8950.3;1.4232;4206.5;9710.0;1.3497;3934.7
EX-B001-SN0049;10100.2;1.3485;3978.4;9296.3;1.533;3953.3;8447.9;1.3881;3996.2
EX-B001-SN0050;11239.9;1.6263;4247.4;10967.1;1.5263;3901.9;11940.2;1.5294;4102.6
EX-B001-SN0051;9660.6;1.5385;3990.7;9334.4;1.4079;4265.3;9314.3;1.3825;4095.9
EX-B001-SN0052;11221.0;1.7602;3948.3;10317.3;1.5746;4204.5;10583.5;1.5757;4138.9
EX-B001-SN0053;11408.1;1.4702;4133.3;11418.7;1.4558;4380.0;11346.7;1.4612;4168.4
EX-B001-SN0054;9583.5;1.4867;4085.4;10076.9;1.4462;4013.5;9124.2;1.3779;4145.9
EX-B001-SN0055;10649.1;1.5019;4415.3;10821.4;1.4949;4082.7;10719.3;1.4196;3949.8
EX-B001-SN0056;11805.5;1.4241;4239.5;10586.8;1.6151;3684.5;11706.3;1.6101;4015.4
EX-B001-SN0057;9203.3;1.4555;4004.7;9154.5;1.6458;4463.2;9332.6;1.5326;4404.1
EX-B001-SN0058;10261.4;1.3491;4187.9;9958.7;1.457;4443.1;9616.5;1.4356;4343.5
EX-B001-SN0059;10087.6;1.2885;3587.2;10669.0;1.4616;4480.6;10092.4;1.3339;4372.1
EX-B001-SN0060;10754.1;1.3063;4296.3;11075.4;1.4827;3978.0;9621.8;1.5541;4408.3
EX-LATENT-001;30000.0;1.5143;4156.4;36000.0;1.5446;4156.4;48500.0;1.6052;4156.4
EX-MISSING-24H;30000.0;1.5143;4156.4;;1.5446;4156.4;48500.0;1.6052;4156.4
EX-NONNUMERIC;30000.0;;4156.4;36000.0;1.5446;4156.4;48500.0;1.6052;4156.4
EX-B001-SN0001;11219.8;1.5502;4246.2;12296.0;1.3784;4167.3;11814.5;1.3449;4107.6
EX-B001-SN0002;9574.7;1.5828;4268.6;9098.1;1.4375;4618.3;9705.7;1.6124;4298.2
