part_id,leakage_current_ua_0h,iddq_ma_0h,propagation_delay_ns_0h,leakage_current_ua_24h,iddq_ma_24h,propagation_delay_ns_24h,leakage_current_ua_96h,iddq_ma_96h,propagation_delay_ns_96h,leakage_current_ua_168h,iddq_ma_168h,propagation_delay_ns_168h
EX-B001-SN0001,13.9828,1.5407,3.7892,14.5862,1.6899,4.3257,13.6361,1.5656,4.0370,13.4228,1.4498,3.8879
EX-B001-SN0002,14.9649,1.8181,4.1894,15.9568,1.6830,3.6635,15.1718,1.6308,4.0203,15.6924,1.5906,4.1565
EX-B001-SN0003,14.3771,1.6852,3.8509,14.2516,1.6408,4.2860,14.2398,1.7259,3.9048,12.2068,1.9101,3.8900
EX-B001-SN0004,13.5950,1.6781,3.9516,14.2083,1.7614,4.2970,13.7951,1.6914,4.1595,13.3903,1.7816,4.2211
EX-B001-SN0005,13.6488,1.8068,4.1183,14.3494,1.7717,3.9367,14.7533,1.6840,3.7441,14.6153,1.6780,3.9460
EX-B001-SN0006,13.5790,1.7017,3.7968,13.1820,1.6465,3.7501,13.8984,1.7369,3.9996,13.2577,1.6392,3.9376
EX-B001-SN0007,13.5262,1.5341,4.1549,11.8361,1.7978,3.6536,12.0400,1.7377,3.8063,11.0964,1.6035,4.1895
EX-B001-SN0008,15.4893,1.8288,4.2404,15.2292,1.6601,4.2853,14.9628,1.6268,4.1608,15.0208,1.5876,4.1916
EX-B001-SN0009,14.8435,1.5846,3.8208,14.0290,1.5973,3.8435,15.1822,1.6372,4.0692,15.3054,1.3668,3.7066
EX-B001-SN0010,13.9599,1.8700,3.3410,14.2563,1.6588,3.7521,14.1449,1.7611,4.0149,16.5280,1.8479,3.8212
EX-B001-SN0011,14.5519,1.7715,4.2423,15.5335,1.6146,4.3129,13.5947,1.7456,4.4540,14.1799,1.6908,4.5262
EX-B001-SN0012,13.7190,1.6722,4.3460,14.1579,1.7092,4.1693,14.5384,1.7395,4.3858,14.8378,1.6148,4.0681
EX-B001-SN0013,17.1193,1.6070,4.1215,17.1365,1.7343,4.1333,17.2376,1.9091,4.1573,16.7424,1.5509,3.8594
EX-B001-SN0014,13.7102,1.5833,3.8625,12.8968,1.8013,3.9833,13.4862,1.7455,4.0007,13.0709,1.6070,3.8972
EX-B001-SN0015,15.8137,1.5478,3.5251,14.6787,1.7688,3.8775,14.9125,1.7804,3.8854,14.3741,1.5667,3.8059
EX-B001-SN0016,14.6226,1.6434,3.9775,13.8483,1.7151,4.2612,12.9720,1.6142,4.5107,14.2592,1.7284,3.8536
EX-B001-SN0017,14.9800,1.7669,3.9661,22.4480,1.6410,3.5150,34.9617,2.2266,3.8894,41.8592,2.3237,3.7774
EX-B001-SN0018,16.6987,1.5275,4.1086,15.9324,1.6202,3.9034,16.2713,1.5209,4.0986,15.7673,1.6123,4.2027
EX-B001-SN0019,13.1903,1.6478,3.9485,12.8338,1.4214,4.0725,13.7760,1.4958,4.0861,13.5308,1.6062,4.1806
EX-B001-SN0020,15.6672,1.3491,3.9230,14.9079,1.3546,3.9047,14.7564,1.3888,3.8800,14.9820,1.3633,3.5364
EX-B001-SN0021,13.1215,1.7111,4.2186,12.9316,1.8375,4.2485,13.0157,1.7322,4.2432,12.8954,1.6005,4.1773
EX-B001-SN0022,15.7439,1.6744,3.9322,17.8689,1.6863,3.9992,16.1316,1.6460,4.2877,15.2254,1.5612,4.1045
EX-B001-SN0023,14.3039,1.5889,3.9401,13.5075,1.6671,3.7293,13.7152,1.7272,4.0129,13.8969,1.5966,3.3496
EX-B001-SN0024,14.9946,1.7165,4.2082,15.6869,1.6309,3.9812,14.3467,1.6727,3.9420,15.4815,1.4886,4.3912
EX-B001-SN0025,15.1494,1.7182,4.0564,15.4720,1.7540,3.8692,16.0896,1.8016,4.1327,49.7272,2.0813,4.3287
EX-B001-SN0026,15.3561,1.6767,3.6782,15.5371,1.8293,3.6001,15.3400,1.6474,3.4219,15.6781,1.8091,3.6877
EX-B001-SN0027,14.1152,1.6799,4.3807,15.1172,1.6870,4.1072,15.3276,1.6545,3.9869,14.9066,1.6226,3.9652
EX-B001-SN0028,15.3401,1.5900,4.1478,14.4781,1.6148,4.2312,14.0962,1.5179,4.4934,14.0094,1.3728,4.2191
EX-B001-SN0029,14.9083,1.4742,3.6572,13.5348,1.5891,3.8002,13.1910,1.6912,3.6181,14.0972,1.7247,3.7695
EX-B001-SN0030,13.5967,1.4726,3.7872,13.5159,1.6197,3.7258,13.9724,1.5818,3.8358,13.5897,1.7651,3.9787
EX-B001-SN0031,18.0748,1.6079,4.0326,17.1168,1.6867,3.9151,16.6472,1.7844,4.0878,19.7006,1.6759,3.8564
EX-B001-SN0032,17.1001,1.5008,4.3430,15.4929,1.4775,3.8852,15.7816,1.5120,3.7850,15.7653,1.5071,3.6854
EX-B001-SN0033,14.6596,1.6521,4.0134,14.0528,1.5692,3.6025,15.1854,1.6929,3.7427,13.4150,1.5924,3.7625
EX-B001-SN0034,14.7429,1.7443,3.8148,15.3780,1.6119,3.6908,15.3273,1.5811,4.3315,13.8463,1.6133,4.1824
EX-B001-SN0035,14.8590,1.6646,4.2411,17.6796,1.6679,4.1663,15.0093,1.8559,3.9538,15.6876,1.8279,3.8540
EX-B001-SN0036,14.5052,1.6565,3.6479,15.5756,1.6230,3.7892,15.1766,1.8156,3.8776,14.1751,1.7602,3.7802
EX-B001-SN0037,14.8749,1.4752,3.8511,14.6748,1.5370,4.1968,15.7772,1.4781,3.5402,13.4593,1.6822,3.6820
EX-B001-SN0038,14.9607,1.7637,4.4964,13.9248,1.6456,4.0649,16.1643,1.8802,3.9882,12.9172,1.7352,4.1464
EX-B001-SN0039,14.8163,1.6483,4.0638,21.4079,1.8252,3.4001,28.6637,2.0808,4.0550,39.1301,2.1784,3.8330
EX-B001-SN0040,15.2159,1.5617,3.8417,14.7285,1.6101,3.7672,13.8689,1.5955,3.5390,14.4386,1.4495,4.0815
EX-B001-SN0041,16.0817,1.5528,3.9733,16.7554,1.6488,3.9244,15.8311,1.6765,4.3497,15.3817,1.5523,4.2741
EX-B001-SN0042,15.5313,1.7745,4.1173,15.9318,1.6848,4.4688,17.3558,1.8020,3.8382,15.0360,1.5312,4.1480
EX-B001-SN0043,12.2391,1.6534,3.8531,13.5377,1.7983,4.1756,13.1993,1.5800,4.0573,12.9274,1.4536,3.9249
EX-B001-SN0044,15.6317,1.8057,4.0924,16.1076,1.8819,4.2939,15.2705,1.6600,3.6222,14.8656,1.7167,4.0140
EX-B001-SN0045,13.3708,1.6176,3.8863,14.9382,1.8522,4.1305,14.6749,1.6450,3.8905,13.7885,1.8102,4.0805
EX-B001-SN0046,15.1214,1.7159,4.0389,14.6849,1.6615,3.9019,14.6749,1.7125,3.8696,14.1286,1.9033,3.9466
EX-B001-SN0047,13.7357,1.6826,4.0795,12.9359,1.6902,4.3937,14.0278,1.6967,3.8144,13.4079,1.5827,3.6079
EX-B001-SN0048,14.4599,1.8198,4.1020,14.4472,1.7062,3.9371,16.5212,1.7331,3.8759,42.6506,2.2367,3.7489
EX-B001-SN0049,17.3337,1.5840,3.4303,16.3589,1.6609,3.7595,16.1906,1.8100,4.3175,16.0546,1.6438,3.9950
EX-B001-SN0050,15.1069,1.4847,4.2994,14.2655,1.6777,3.8824,13.3042,1.5835,4.1931,13.8348,1.5817,4.2682
EX-B001-SN0051,12.8929,1.5636,4.2158,13.0854,1.5009,3.7170,13.5299,1.4749,3.6219,13.3092,1.5992,3.7326
EX-B001-SN0052,15.5177,1.6539,3.7276,13.9158,1.4626,3.8700,13.8644,1.7498,3.5678,14.0283,1.5803,3.6556
EX-B001-SN0053,14.2331,1.7791,3.9597,14.3982,1.6585,3.7536,14.2416,1.6601,3.9982,15.7446,1.6263,4.0183
EX-B001-SN0054,14.8797,1.5837,4.1830,13.3629,1.7142,3.6837,13.8357,1.8263,3.6486,13.4917,1.6497,3.9631
EX-B001-SN0055,14.4729,1.6507,3.4919,14.5430,1.6343,3.5947,13.6081,1.5440,3.8601,14.3691,1.6653,3.4808
EX-B001-SN0056,17.5148,1.6425,3.7149,15.9355,1.4610,3.9881,16.0762,1.6279,3.6394,17.3172,1.6497,3.7671
EX-B001-SN0057,15.6728,1.6850,3.9824,15.4353,1.6237,3.6844,14.8292,1.7563,3.8114,15.5603,1.5488,3.9292
EX-B001-SN0058,12.5843,1.6506,4.0613,13.3040,1.6297,3.7933,13.3504,1.7316,3.9098,13.4060,1.5586,4.1581
EX-B001-SN0059,14.6873,1.6647,3.7951,13.1058,1.5142,3.7344,15.7458,1.6237,3.9441,15.4172,1.7392,3.8353
EX-B001-SN0060,13.1946,1.6476,3.7753,13.2735,1.7799,4.0405,12.6811,1.7022,3.7593,12.3047,1.6550,3.7569
EX-LATENT-001,29.6598,1.6527,3.9754,35.5918,1.6858,3.9754,41.5237,1.7189,3.9754,48.5000,1.7519,3.9754
EX-MISSING-24H,29.6598,1.6527,3.9754,,1.6858,3.9754,41.5237,1.7189,3.9754,48.5000,1.7519,3.9754
EX-NONNUMERIC,29.6598,n/a,3.9754,35.5918,1.6858,3.9754,41.5237,1.7189,3.9754,48.5000,1.7519,3.9754
EX-B001-SN0001,13.9828,1.5407,3.7892,14.5862,1.6899,4.3257,13.6361,1.5656,4.0370,13.4228,1.4498,3.8879
