part_id,lot_id,temperature_c,iddq_ma_0h,iddq_ma_24h,iddq_ma_96h,iddq_ma_168h,leakage_current_ua_0h,leakage_current_ua_24h,leakage_current_ua_96h,leakage_current_ua_168h,propagation_delay_ns_0h,propagation_delay_ns_24h,propagation_delay_ns_96h,propagation_delay_ns_168h,ground_truth_flag,ground_truth_label
00bc19f9-b03d-55c8-a334-a6428a54cc4c,b4a1b008-5a69-5c62-bda7-161e73a71efd,125.0,1.3057,1.3283,1.3291,1.3442,4.7197,4.6283,4.5198,4.6992,3.9362,3.9529,3.9649,3.9487,False,NORMAL
019797cf-f8de-58d1-a86a-be85d09a70d7,d6309f35-b7fa-581b-bd71-727f63f28335,125.0,1.3758,1.3826,1.2798,1.3976,7.1443,8.0435,7.3517,7.5222,4.2876,4.2409,4.2491,4.2924,False,NORMAL
02ba2257-4585-5492-b426-5cf72a97dfc0,b4a1b008-5a69-5c62-bda7-161e73a71efd,125.0,1.2678,1.2567,1.3025,1.3215,4.9922,5.1787,5.5366,5.3555,3.8931,3.8781,3.8718,3.8488,False,NORMAL
038d4945-563b-523a-8f77-1511d0eb3d5f,b4a1b008-5a69-5c62-bda7-161e73a71efd,125.0,1.5344,1.579,1.5438,1.5442,8.0434,8.6622,8.9949,8.9295,4.1386,4.1801,4.2195,4.2424,True,SUBTLE_MULTIVARIATE
03d6340e-158e-5f62-b1bd-00ec6180987f,f5145f57-b4b2-5ef1-a572-85fd80b571b0,150.0,2.0257,2.1336,2.1217,2.2387,23.9303,25.8174,26.9361,26.6475,4.0812,4.1606,4.1995,4.2115,False,NORMAL
058670db-ef32-5c9f-8f63-6573bd8a937c,f5145f57-b4b2-5ef1-a572-85fd80b571b0,150.0,2.0071,2.2038,2.4482,2.4306,24.3783,24.6358,25.0407,25.3654,4.0654,4.06,4.0916,4.169,False,NORMAL
0783778a-fa25-54a5-ab8d-aa73328c29d1,d6309f35-b7fa-581b-bd71-727f63f28335,125.0,1.4385,1.4844,1.5591,1.5206,9.4178,9.4725,9.7687,9.9561,4.385,4.4281,4.4031,4.4013,False,NORMAL
083b07c9-6592-54e3-9e46-452e27291a84,f5145f57-b4b2-5ef1-a572-85fd80b571b0,150.0,1.94,2.1075,2.1123,2.1706,21.4993,22.6615,22.4389,22.8325,3.9871,3.9447,3.9918,3.9939,False,NORMAL
09ac01ab-f629-5ad4-99b3-1f044dd83386,b4a1b008-5a69-5c62-bda7-161e73a71efd,125.0,1.4152,1.3718,1.3485,1.4061,6.3044,6.3177,6.325,6.68,3.7586,3.7739,3.8138,3.8545,False,NORMAL
0a162989-c135-5080-b9b4-af7b8268a48b,b4a1b008-5a69-5c62-bda7-161e73a71efd,125.0,1.4387,1.427,1.429,1.4821,5.9468,6.0616,6.0522,6.2077,4.021,4.0436,4.0422,4.0326,False,NORMAL
0af448db-63b9-5b71-9484-8aa69d0c10c1,be6b1c50-1727-531d-a33e-b848c64545d9,150.0,2.4396,2.4637,2.564,2.5905,28.3062,30.1739,30.008,29.3932,3.8652,3.8942,3.8492,3.9369,False,NORMAL
0b4dbb16-72fe-592e-8418-95d1188262cd,b4a1b008-5a69-5c62-bda7-161e73a71efd,125.0,1.4731,1.5131,1.5921,1.6072,7.1215,7.1788,6.9677,7.1173,3.9912,3.9323,4.0049,3.9943,False,NORMAL
0bd5df87-ba1d-5820-96e5-288079e0abbc,b4a1b008-5a69-5c62-bda7-161e73a71efd,125.0,1.2658,1.2057,1.2527,1.342,5.5598,5.5398,5.4821,5.5508,3.9056,3.9768,3.9789,3.9685,False,NORMAL
0c06ab6d-8cbc-50b9-8cb3-f671879d7b70,be6b1c50-1727-531d-a33e-b848c64545d9,150.0,2.3356,2.438,2.5331,2.4847,40.4546,40.7478,40.1661,43.0874,4.0472,4.115,4.0965,4.1252,True,LEVEL_OUTLIER
0dc21935-7d2b-52b8-b437-89646e10046b,b4a1b008-5a69-5c62-bda7-161e73a71efd,125.0,1.4237,1.5051,1.506,1.5015,7.8069,7.9838,8.1885,8.1007,3.8791,3.8487,3.8788,3.8739,False,NORMAL
0e4424ce-c415-5e39-85b5-c8c921e32bc6,d6309f35-b7fa-581b-bd71-727f63f28335,125.0,1.3207,1.3329,1.328,1.4028,7.7172,7.9601,7.7615,7.7367,4.3595,4.2505,4.2647,4.2779,False,NORMAL
0f51de47-e714-57d3-9e1c-5cd26d85f453,be6b1c50-1727-531d-a33e-b848c64545d9,150.0,2.5412,2.5932,2.6066,2.6602,26.0833,27.2172,28.0157,29.2608,4.0157,4.0347,4.1498,4.1473,False,NORMAL
0f8ed1c2-b7b4-52f8-b3cf-1f9011e670d5,be6b1c50-1727-531d-a33e-b848c64545d9,150.0,2.6178,2.7568,2.7934,2.887,32.2623,30.9963,33.0373,33.9081,4.1111,4.1324,4.0981,4.1281,False,NORMAL
10608c7e-b42c-57ae-bcc9-b4a54c127556,f5145f57-b4b2-5ef1-a572-85fd80b571b0,150.0,2.0182,2.0734,2.0629,2.0101,26.4348,28.2431,30.5003,31.6461,4.0451,4.1224,4.1941,4.1583,False,NORMAL
1162f539-f028-57f3-8f06-cdd7ee91dd60,be6b1c50-1727-531d-a33e-b848c64545d9,150.0,2.4369,2.5009,2.4731,2.5551,26.0575,25.853,27.4631,28.1285,3.9235,3.9504,4.0906,4.0482,False,NORMAL
11d0fde5-ae71-52a4-a218-fcb43184621d,be6b1c50-1727-531d-a33e-b848c64545d9,150.0,2.3934,2.6028,2.8092,2.9358,21.8037,22.6403,22.4639,22.5629,3.7241,3.7348,3.7491,3.7371,False,NORMAL
1395d207-a370-5859-a5a5-11381af18e22,f5145f57-b4b2-5ef1-a572-85fd80b571b0,150.0,2.149,2.1913,2.2579,2.2423,30.1517,31.4437,30.8595,31.5818,3.7785,3.8017,3.838,3.8441,False,NORMAL
1435c987-0a2b-5738-b88d-82ad49c13452,be6b1c50-1727-531d-a33e-b848c64545d9,150.0,2.2444,2.3651,2.3952,2.4344,23.547,23.4476,24.2968,23.9861,3.9878,4.0274,4.0305,4.0785,False,NORMAL
15b53f8b-7d5a-5299-aaf4-1068265df503,be6b1c50-1727-531d-a33e-b848c64545d9,150.0,2.3253,2.4402,2.433,2.5344,23.9398,24.624,25.2476,25.1124,3.8768,3.8945,3.9707,3.9918,False,NORMAL
15b9e219-3755-50f1-bd08-604222115de8,d6309f35-b7fa-581b-bd71-727f63f28335,125.0,1.4224,1.4465,1.4284,1.5003,8.1463,8.5758,8.1805,9.1528,4.2939,4.3231,4.2658,4.3016,False,NORMAL
163fd461-0e1f-58dd-ba73-16c70fde016b,b4a1b008-5a69-5c62-bda7-161e73a71efd,125.0,1.2229,1.2766,1.2912,1.2757,4.0605,4.446,4.629,4.368,4.0412,4.0784,4.0965,4.1749,False,NORMAL
168d0efd-7332-549c-ae79-360d840aa109,b4a1b008-5a69-5c62-bda7-161e73a71efd,125.0,1.4024,1.4436,1.4462,1.4287,5.2635,5.2883,5.2233,5.0448,3.7382,3.7608,3.7683,3.8233,False,NORMAL
19a36084-5957-540c-8471-74221b0510f2,be6b1c50-1727-531d-a33e-b848c64545d9,150.0,2.2143,2.2754,2.6034,3.1051,20.3472,24.9373,36.1163,47.324,3.9791,3.9938,4.0154,4.0,True,STEEP_DRIFT
19ed7219-7793-5e36-9451-ba1901ab30f6,f5145f57-b4b2-5ef1-a572-85fd80b571b0,150.0,1.9329,2.029,2.1799,2.1972,27.5403,26.0144,27.2831,27.627,3.9923,4.0516,4.0298,4.0279,False,NORMAL
1a960ed5-4d23-53d7-910f-9041a624b71d,f5145f57-b4b2-5ef1-a572-85fd80b571b0,150.0,2.0449,2.185,2.2771,2.1992,23.6478,24.8702,25.423,25.7247,4.0835,4.1218,4.0752,4.1648,False,NORMAL
1b084068-4fc5-5597-b529-64fad36cb81b,be6b1c50-1727-531d-a33e-b848c64545d9,150.0,2.4503,2.5352,2.5165,2.481,30.7009,31.1478,32.1107,32.3733,4.072,4.1224,4.2203,4.1764,False,NORMAL
1b0f0828-cc8d-5dd3-9350-8658d39766b9,f5145f57-b4b2-5ef1-a572-85fd80b571b0,150.0,2.2755,2.2694,2.3944,2.3635,29.7034,30.4875,31.4977,31.5465,4.0224,4.1275,4.1249,4.1286,False,NORMAL
1b5aab28-393e-595f-bd44-a5f918d57c07,d6309f35-b7fa-581b-bd71-727f63f28335,125.0,1.4663,1.4824,1.4731,1.4618,8.0912,8.1902,8.4158,8.9104,4.2252,4.1868,4.204,4.1618,False,NORMAL
1ca5a164-b56b-5d55-86ae-b435cd3c6bf2,d6309f35-b7fa-581b-bd71-727f63f28335,125.0,1.2607,1.3238,1.287,1.272,7.0317,6.911,7.0524,7.1855,4.3275,4.3669,4.3415,4.3589,False,NORMAL
1d43e7e2-173f-55d1-845d-57ecbae7a86a,be6b1c50-1727-531d-a33e-b848c64545d9,150.0,2.5622,2.5599,2.6966,2.6501,22.9365,24.9204,24.7638,25.7099,3.8391,3.8716,3.8574,3.9229,False,NORMAL
1d886759-4b0f-57d9-b45c-470e1cbac2b7,f5145f57-b4b2-5ef1-a572-85fd80b571b0,150.0,1.8653,1.9485,1.9741,2.089,20.0748,20.5345,21.2373,21.8342,3.8817,3.974,4.0233,4.0298,False,NORMAL
1da290b8-4626-570b-81bc-3075c0e1b430,b4a1b008-5a69-5c62-bda7-161e73a71efd,125.0,1.2696,1.3187,1.3629,1.3935,5.1048,5.4551,5.4827,5.5666,3.944,3.924,4.0079,4.0139,False,NORMAL
1dd81d57-0349-5f5c-9481-c9bec0a38cb0,be6b1c50-1727-531d-a33e-b848c64545d9,150.0,2.2597,2.4427,2.7918,3.4569,25.8865,27.0034,41.0744,65.0362,3.9138,3.9172,3.9674,3.982,True,STEEP_DRIFT
1efaa9d7-f0d0-5dc1-ba88-efe752e7466b,b4a1b008-5a69-5c62-bda7-161e73a71efd,125.0,1.3184,1.3522,1.361,1.3641,5.3155,5.398,5.622,5.5514,3.8099,3.8419,3.8082,3.9238,False,NORMAL
207ea83e-0f41-5c68-83b3-1de1efa5e9a0,b4a1b008-5a69-5c62-bda7-161e73a71efd,125.0,1.4052,1.3788,1.3587,1.3535,5.9629,5.5827,5.5773,5.8815,3.9193,3.9558,4.0027,3.9013,False,NORMAL
20bf573e-854a-555a-a911-60cfba0c07b0,f5145f57-b4b2-5ef1-a572-85fd80b571b0,150.0,2.0756,2.1088,2.1548,2.1798,23.1537,22.0495,23.2642,23.4649,3.9194,3.9851,3.9951,4.0963,False,NORMAL
20ca94ac-1e77-5345-9410-b5f3eac3aca4,d6309f35-b7fa-581b-bd71-727f63f28335,125.0,1.3524,1.3791,1.3954,1.4751,10.3,9.9259,10.0865,9.9825,4.4035,4.3822,4.3428,4.4668,False,NORMAL
210ad8a6-ce91-5e6d-86fc-cb69dc6247e0,f5145f57-b4b2-5ef1-a572-85fd80b571b0,150.0,1.7188,1.7545,1.7787,1.7599,20.9471,21.2665,21.9661,22.1625,4.0011,4.0445,3.9986,4.0681,False,NORMAL
211d3ad0-3629-5572-aab9-169123db121e,b4a1b008-5a69-5c62-bda7-161e73a71efd,125.0,1.4367,1.3899,1.4222,1.43,5.674,5.8899,5.9428,5.7633,3.9559,3.9622,3.9666,3.9973,False,NORMAL
2182bc2c-ba7d-5961-8fc7-8a827f4eadeb,b4a1b008-5a69-5c62-bda7-161e73a71efd,125.0,1.3055,1.3576,1.3924,1.4023,5.2231,5.2119,5.4505,5.0735,3.9546,3.9929,4.01,3.982,False,NORMAL
22a950d1-5240-5764-ba20-6b07ee0846dc,d6309f35-b7fa-581b-bd71-727f63f28335,125.0,1.3056,1.3013,1.3422,1.3023,6.5568,6.7308,6.3454,6.6534,4.2052,4.1518,4.2289,4.2153,False,NORMAL
22b39c26-9188-59cd-b8c2-65030b167256,f5145f57-b4b2-5ef1-a572-85fd80b571b0,150.0,2.1144,2.1374,2.1483,2.1435,27.7032,28.8165,29.1109,29.1074,4.0214,4.0904,4.0756,4.0715,False,NORMAL
249cfe8a-037c-52e5-a34f-688aa5b23db3,b4a1b008-5a69-5c62-bda7-161e73a71efd,125.0,1.3759,1.385,1.427,1.3935,5.4997,5.6648,5.8734,5.6103,4.0447,3.9543,4.0378,4.0428,False,NORMAL
2553835e-50f3-5e0b-a7c9-bbc6055a348d,b4a1b008-5a69-5c62-bda7-161e73a71efd,125.0,1.285,1.4032,1.4436,1.5223,4.5783,4.6046,4.7685,4.4526,3.8147,3.8509,3.9296,3.8786,False,NORMAL
261e65af-cff9-5951-8c21-ba68261c0804,f5145f57-b4b2-5ef1-a572-85fd80b571b0,150.0,2.0889,2.1377,2.172,2.2116,29.6778,31.6037,32.5048,34.1958,4.2383,4.2525,4.2807,4.2726,True,SUBTLE_MULTIVARIATE
270586f9-6000-5068-87dd-62db6d4007f7,f5145f57-b4b2-5ef1-a572-85fd80b571b0,150.0,2.1451,2.407,2.5859,2.7996,27.2343,27.5002,27.964,28.5367,3.9855,4.0415,4.0027,4.0712,False,NORMAL
27fa9f13-0269-5fe7-955e-beb9bd986524,d6309f35-b7fa-581b-bd71-727f63f28335,125.0,1.3349,1.3821,1.3616,1.3583,7.1603,8.1081,8.0548,8.0657,4.0722,4.1483,4.1417,4.1206,False,NORMAL
291869ac-c960-598e-802a-59bcc93558ef,f5145f57-b4b2-5ef1-a572-85fd80b571b0,150.0,2.1557,2.2927,2.2486,2.2531,28.1507,27.9745,27.8745,28.2311,4.2479,4.2541,4.2355,4.2377,False,NORMAL
2a3b8458-6e46-5bc4-a44d-a19b2a0ee40f,d6309f35-b7fa-581b-bd71-727f63f28335,125.0,1.4695,1.44,1.4646,1.5318,8.88,9.4927,9.5957,9.3981,4.3647,4.3477,4.4427,4.4461,False,NORMAL
2c96a4f1-b831-5eb9-b00d-8d37cfa0b300,be6b1c50-1727-531d-a33e-b848c64545d9,150.0,2.3234,2.3759,2.4114,2.3623,28.8638,28.8972,28.3418,30.0379,3.8814,3.9676,3.9669,3.9889,False,NORMAL
2d3fe660-a457-59de-b65b-17458fcf33a2,d6309f35-b7fa-581b-bd71-727f63f28335,125.0,1.5039,1.5301,1.5262,1.5858,8.8105,8.7365,9.1219,9.1446,4.1655,4.156,4.2295,4.1751,False,NORMAL
2eb352e0-e184-524b-bcf3-b97227473934,b4a1b008-5a69-5c62-bda7-161e73a71efd,125.0,1.3348,1.3493,1.3574,1.3333,5.9803,6.2957,5.9775,6.5275,3.8643,3.8247,3.8327,3.8582,False,NORMAL
2ee01c6f-9fc5-5254-8dc6-869a0e535245,f5145f57-b4b2-5ef1-a572-85fd80b571b0,150.0,2.1389,2.2487,2.4014,2.4579,26.7675,27.363,27.0886,27.5122,3.9739,3.977,4.0634,4.0569,False,NORMAL
3078d744-eea6-5306-8efb-02eac8fadc50,be6b1c50-1727-531d-a33e-b848c64545d9,150.0,2.405,2.5081,2.5105,2.4869,27.1868,28.5388,29.2574,29.3171,4.1142,4.1214,4.1797,4.1438,False,NORMAL
30f48679-1948-5a52-8351-fbc04ae10f78,be6b1c50-1727-531d-a33e-b848c64545d9,150.0,2.3423,2.4423,2.467,2.4264,21.7072,22.0738,22.1682,22.2419,3.9808,4.0503,3.952,3.986,False,NORMAL
31159e4c-0226-59fa-8987-d164713d7cbf,d6309f35-b7fa-581b-bd71-727f63f28335,125.0,1.2219,1.3274,1.3032,1.3322,7.6176,7.4752,7.3009,7.05,4.4225,4.374,4.4112,4.4201,False,NORMAL
3151bc01-7ed8-5bc6-a569-fbd72ac8b26a,b4a1b008-5a69-5c62-bda7-161e73a71efd,125.0,1.3624,1.3465,2.1631,3.6121,5.4422,5.8343,16.7591,37.0111,3.6967,3.7514,3.7698,3.7739,True,STEEP_DRIFT
3301ac62-e6ff-52ba-bc29-b91c6486a9a9,d6309f35-b7fa-581b-bd71-727f63f28335,125.0,1.3165,1.2863,1.3527,1.4205,8.9624,8.8377,9.3022,9.6996,4.2486,4.195,4.1312,4.1416,False,NORMAL
33288522-6711-581f-bc57-b2f8e0b4f843,f5145f57-b4b2-5ef1-a572-85fd80b571b0,150.0,2.1244,2.2043,2.3263,2.3384,31.5326,32.7236,35.8584,35.472,4.0202,4.0493,4.08,4.1528,False,NORMAL
352d53a9-46e9-511a-8585-2bfc2f180f8f,be6b1c50-1727-531d-a33e-b848c64545d9,150.0,2.2852,2.4584,2.4803,2.5288,21.6458,22.4373,23.0248,22.4579,3.9318,3.9891,3.9577,4.0165,False,NORMAL
3582e6ef-aac3-5ae4-bdee-72ea9735c6c1,d6309f35-b7fa-581b-bd71-727f63f28335,125.0,1.3151,1.3308,1.3588,1.3687,9.0083,9.5715,9.3966,9.5032,4.4816,4.5006,4.4658,4.4575,False,NORMAL
35abe544-fa8a-5f57-9675-88163f688d16,d6309f35-b7fa-581b-bd71-727f63f28335,125.0,1.361,1.3761,1.4376,1.3683,9.2356,9.4469,9.5301,9.684,4.3735,4.3126,4.3887,4.3787,False,NORMAL
3671ec33-cc74-53f7-9c23-90613fe35d2d,be6b1c50-1727-531d-a33e-b848c64545d9,150.0,2.5489,2.6281,2.8556,2.7798,24.9843,24.7183,26.1329,25.6982,4.2766,4.2963,4.3235,4.2916,False,NORMAL
36a57ef1-c254-53a2-a4d6-3d53fc0ef02a,d6309f35-b7fa-581b-bd71-727f63f28335,125.0,1.3135,1.3292,1.3324,1.2521,8.6554,8.5335,8.44,8.3827,4.1113,4.1358,4.2157,4.1291,False,NORMAL
36de27e0-b064-5823-8f67-c0591e19e9bf,b4a1b008-5a69-5c62-bda7-161e73a71efd,125.0,1.3594,1.3556,1.3862,1.3932,6.8118,7.01,7.1762,7.5177,3.9219,3.8898,3.9772,3.9555,False,NORMAL
3a178d86-f03e-592f-b53b-22cf1f8b0e99,f5145f57-b4b2-5ef1-a572-85fd80b571b0,150.0,1.9467,2.0338,2.0432,2.0428,20.477,21.7975,21.0837,20.5716,4.1943,4.2302,4.2565,4.2756,False,NORMAL
3b65cbcd-651c-5062-ad12-5c6c3275837b,b4a1b008-5a69-5c62-bda7-161e73a71efd,125.0,1.3516,1.3979,1.4169,1.414,6.1981,6.1962,6.3449,6.2802,3.8483,3.8918,3.8589,3.8569,False,NORMAL
3cc61dbb-d64e-5039-9ac3-130e3e7cd890,f5145f57-b4b2-5ef1-a572-85fd80b571b0,150.0,1.9738,2.137,2.1679,2.2606,31.9083,31.9013,31.3921,34.9591,4.1129,4.1064,4.1287,4.1434,False,NORMAL
3df332a9-8d91-5214-9b49-026af44ab065,d6309f35-b7fa-581b-bd71-727f63f28335,125.0,1.3871,1.4009,1.3937,1.3646,9.1509,9.5229,9.1133,9.7026,4.2213,4.2274,4.1562,4.256,False,NORMAL
3edd6051-2492-5ea0-9800-344ba11951b9,b4a1b008-5a69-5c62-bda7-161e73a71efd,125.0,1.4942,1.4319,1.5165,1.5317,6.6182,6.6358,6.6531,6.6007,3.9261,3.9617,3.9573,3.9253,False,NORMAL
3f6b9481-a4ee-500e-9dfa-73cb8fc5c3dd,b4a1b008-5a69-5c62-bda7-161e73a71efd,125.0,1.4728,1.4561,1.5172,1.4854,6.0158,5.92,5.8972,6.3601,3.8383,3.9412,3.9067,3.9503,False,NORMAL
40972af9-82f8-5ab5-889f-4f9fff417192,b4a1b008-5a69-5c62-bda7-161e73a71efd,125.0,1.3328,1.316,1.3777,1.3457,5.4757,5.6041,5.7609,5.7928,3.9598,3.8945,3.9965,4.0123,False,NORMAL
40cbd40c-c286-53c4-9c0b-6ebab799dfac,be6b1c50-1727-531d-a33e-b848c64545d9,150.0,2.6083,2.6669,2.7559,2.8551,22.8231,22.7345,23.9438,25.3939,3.8466,3.874,3.9359,3.969,False,NORMAL
41108d16-5a0c-59f4-91f6-98e5ba0c7e75,be6b1c50-1727-531d-a33e-b848c64545d9,150.0,2.4268,2.6248,2.8446,2.9471,24.9079,25.0095,25.2986,26.0278,3.9303,3.8721,3.9283,3.9731,False,NORMAL
41ebea49-bb7b-588d-a8b7-e8b45ac5ecce,d6309f35-b7fa-581b-bd71-727f63f28335,125.0,1.3864,1.3866,1.4276,1.3788,8.5876,8.8681,8.7462,9.617,4.1605,4.1352,4.1596,4.1459,False,NORMAL
41f59e26-770c-5e54-91f5-eedb27517d0c,d6309f35-b7fa-581b-bd71-727f63f28335,125.0,1.5263,1.5717,1.5571,1.5865,8.8539,9.045,8.8946,9.384,4.1722,4.1812,4.1395,4.1618,False,NORMAL
42eaae28-e73e-5678-bdba-9514dbcdb7a8,d6309f35-b7fa-581b-bd71-727f63f28335,125.0,1.4813,1.4687,1.4548,1.4778,7.5277,7.522,7.7752,7.7596,4.1846,4.2229,4.1743,4.1913,False,NORMAL
44e14e07-25f6-577a-8ca8-ecb6d8bde818,d6309f35-b7fa-581b-bd71-727f63f28335,125.0,1.5784,1.597,1.6517,1.6762,9.4861,9.6498,9.4291,10.0518,4.272,4.255,4.3067,4.2971,False,NORMAL
45a43b6c-6e5b-56d4-b663-bb4e126b8e83,f5145f57-b4b2-5ef1-a572-85fd80b571b0,150.0,1.9271,2.016,2.0238,2.0144,23.8115,25.4528,26.1466,28.0994,4.1585,4.1709,4.1986,4.2105,False,NORMAL
45c9b386-9691-56e2-80bc-b68e335363ec,b4a1b008-5a69-5c62-bda7-161e73a71efd,125.0,1.2755,1.2914,1.2775,1.3079,5.5763,5.4409,5.8309,5.8134,3.8468,3.7935,3.7774,3.7918,False,NORMAL
47fc2d0b-a325-5057-8cf0-ae6db1fad5ff,d6309f35-b7fa-581b-bd71-727f63f28335,125.0,1.3281,1.331,1.3543,1.3599,8.9882,8.5456,9.5193,9.0356,4.1845,4.2407,4.2621,4.228,False,NORMAL
4a18a02a-f7b2-554c-9182-cf1c492826dc,b4a1b008-5a69-5c62-bda7-161e73a71efd,125.0,1.4183,1.454,1.4365,4.2555,5.4944,5.408,5.8016,40.2762,3.7395,3.7604,3.7384,3.7686,True,LATE_DRIFT
4a78ff28-d857-5bbb-bfe9-53acb1313b78,be6b1c50-1727-531d-a33e-b848c64545d9,150.0,2.2925,2.2785,2.3815,2.4223,24.3389,26.5096,27.0915,27.3717,3.8914,3.935,3.9456,3.9214,False,NORMAL
4ab390ce-1af0-5909-bb2d-49508c5afbdd,be6b1c50-1727-531d-a33e-b848c64545d9,150.0,2.4719,2.5836,2.656,2.7027,25.5904,26.9412,27.1178,27.3735,4.0063,4.0178,4.0914,4.1426,False,NORMAL
4be0f547-298d-5173-a731-c589efd43eeb,be6b1c50-1727-531d-a33e-b848c64545d9,150.0,2.4485,2.4004,2.4282,2.4895,25.3364,25.499,26.3404,27.0956,4.0116,4.0625,4.1902,4.1164,False,NORMAL
4c424758-1c96-541c-9ae7-d99d7b337f0b,b4a1b008-5a69-5c62-bda7-161e73a71efd,125.0,1.4223,1.4868,1.4327,1.4553,7.7133,8.2368,8.0165,8.1292,3.9365,3.9602,3.9872,3.9772,False,NORMAL
4e56294f-7d0c-5ee0-8aef-2e80022df2f4,d6309f35-b7fa-581b-bd71-727f63f28335,125.0,1.3819,1.3627,1.3939,1.4121,8.5928,9.209,9.102,9.001,4.2834,4.252,4.3285,4.3223,False,NORMAL
4e577464-f4a2-532a-a8a4-7c6fbb72d5f5,b4a1b008-5a69-5c62-bda7-161e73a71efd,125.0,1.4869,1.4899,2.1392,3.6161,6.8885,6.5835,16.3928,38.1039,3.7342,3.7892,3.8324,3.772,True,LATE_DRIFT
4e8766ad-8533-503d-a927-05ff3b61c90a,f5145f57-b4b2-5ef1-a572-85fd80b571b0,150.0,2.2722,2.3616,2.4146,2.3637,32.7537,36.1721,37.5506,38.1909,4.4041,4.5291,4.5328,4.5536,True,SUBTLE_MULTIVARIATE
4f2be55b-ef46-56e3-87a3-9548cc1fecad,f5145f57-b4b2-5ef1-a572-85fd80b571b0,150.0,1.9922,2.083,2.1779,2.2201,20.5307,21.7743,22.4267,22.0072,3.9113,3.9333,3.9776,3.9162,False,NORMAL
505c937c-da3c-52f4-b81b-96336ca14241,b4a1b008-5a69-5c62-bda7-161e73a71efd,125.0,1.3266,1.308,1.3043,1.3025,5.7393,5.7772,5.8674,5.7612,3.9891,3.9775,4.0037,3.9966,False,NORMAL
522b8b94-6b7e-50d5-a54d-0617c91a9618,b4a1b008-5a69-5c62-bda7-161e73a71efd,125.0,1.4127,1.3575,1.3924,1.3573,5.9493,5.6127,5.6813,5.592,3.923,3.9494,4.007,3.9224,False,NORMAL
52314781-be0a-58d9-b1f5-1a5c719ce187,d6309f35-b7fa-581b-bd71-727f63f28335,125.0,1.4618,1.4308,1.481,1.4764,10.4532,10.7103,10.9004,10.8051,4.1768,4.1867,4.1678,4.1901,False,NORMAL
52980744-471b-59f7-9934-44b84aa7f4e7,be6b1c50-1727-531d-a33e-b848c64545d9,150.0,2.3475,2.3729,2.4209,2.5406,21.7963,22.6865,25.3551,24.7023,4.0502,4.0351,4.0777,4.0192,False,NORMAL
536e6ba6-de40-5d38-ae69-78c7242791cd,b4a1b008-5a69-5c62-bda7-161e73a71efd,125.0,1.2958,1.2613,1.2836,1.3453,5.6544,5.3797,5.4976,5.1557,3.8108,3.7721,3.8061,3.7929,False,NORMAL
554eff0e-b51c-53c7-a0a5-44932566f388,d6309f35-b7fa-581b-bd71-727f63f28335,125.0,1.3995,1.3563,1.4184,1.4226,9.5038,9.9615,9.7895,10.1936,4.146,4.1305,4.1402,4.1608,False,NORMAL
564b6c82-04b4-5512-ad98-ff2f3fa13a35,d6309f35-b7fa-581b-bd71-727f63f28335,125.0,1.4086,1.5006,1.4387,1.4277,7.2417,7.5477,7.6338,7.4053,4.3067,4.2819,4.3877,4.3307,False,NORMAL
5753f0ce-f5ac-5533-bb43-46a80908f96c,be6b1c50-1727-531d-a33e-b848c64545d9,150.0,2.4467,2.5648,2.5549,2.5936,27.6797,27.9295,29.8485,30.3424,3.9557,3.9852,3.9694,4.0171,False,NORMAL
5920758a-9e47-5fa6-b2c8-05d6d3577f39,b4a1b008-5a69-5c62-bda7-161e73a71efd,125.0,1.5479,1.48,1.563,1.6015,7.3264,7.4707,7.4534,7.3692,3.9082,3.9563,3.9883,3.9536,False,NORMAL
59808f24-d6d1-5c76-8bbd-ec845f24d259,d6309f35-b7fa-581b-bd71-727f63f28335,125.0,1.4101,1.4435,1.482,1.452,8.9301,9.1051,9.3668,9.2466,4.179,4.2375,4.2005,4.2535,False,NORMAL
599ea093-20d0-54f2-8895-d6df8cf2d472,be6b1c50-1727-531d-a33e-b848c64545d9,150.0,2.4102,2.4393,2.5432,2.5356,19.8159,19.5045,20.6767,20.4932,3.761,3.8182,3.7779,3.8358,False,NORMAL
5a0bcd88-7665-567d-8bf5-25def444d54d,f5145f57-b4b2-5ef1-a572-85fd80b571b0,150.0,2.0978,2.0612,2.0458,2.0972,25.575,26.8211,27.6749,28.6919,4.0462,4.0939,4.0806,4.036,False,NORMAL
5ad4c746-8653-57e3-a29d-61fb95fc0d97,be6b1c50-1727-531d-a33e-b848c64545d9,150.0,2.1675,2.2168,2.2484,2.5792,22.1159,23.4191,26.3364,35.7113,3.8564,3.8648,3.8604,3.854,True,LATE_DRIFT
5b2473b7-e748-52b9-9bd8-a9da1d49be9d,d6309f35-b7fa-581b-bd71-727f63f28335,125.0,1.4349,1.4286,1.4523,1.4211,9.945,9.8679,10.1837,9.9251,4.0764,4.0956,4.0996,4.0594,False,NORMAL
5b2795e6-e0b8-5fb2-b3ae-bc9c6c83bdee,d6309f35-b7fa-581b-bd71-727f63f28335,125.0,1.4269,1.4351,1.6984,2.6878,9.0788,9.4686,14.2409,36.4325,4.2729,4.3033,4.2985,4.2792,True,LATE_DRIFT
5c0f07c6-6007-5e16-b250-65bf6e126536,b4a1b008-5a69-5c62-bda7-161e73a71efd,125.0,1.2973,1.3273,1.375,1.4348,5.1704,5.5326,5.3646,5.348,3.8622,3.8836,3.8731,3.8626,False,NORMAL
5c3d44dd-97b0-5eda-b39f-e1a80997f0b7,be6b1c50-1727-531d-a33e-b848c64545d9,150.0,2.4811,2.529,2.5908,2.5593,25.6148,26.8357,28.255,28.914,4.0263,4.039,4.0383,4.0563,False,NORMAL
5ef0c4e0-2b52-5222-b9a4-2e8a926f9d2f,be6b1c50-1727-531d-a33e-b848c64545d9,150.0,2.272,2.305,2.2879,2.4412,27.6883,28.9736,29.6035,31.3852,3.9572,3.9834,3.9698,4.0002,False,NORMAL
5ffbea17-f7be-55e4-93b4-96fb104faef3,be6b1c50-1727-531d-a33e-b848c64545d9,150.0,2.3125,2.3779,2.3835,2.3085,24.6124,23.7696,24.0308,22.9963,3.9833,3.9854,3.956,4.041,False,NORMAL
6092a948-17f7-5154-8b10-ae77d1617775,d6309f35-b7fa-581b-bd71-727f63f28335,125.0,1.3792,1.4274,1.4629,1.4224,8.727,9.3696,8.9671,9.0054,4.1622,4.2032,4.2089,4.215,False,NORMAL
6136e87d-4363-57a0-ba44-7cff1e36d215,f5145f57-b4b2-5ef1-a572-85fd80b571b0,150.0,2.0524,2.2097,2.3463,2.341,25.2989,25.71,25.8871,27.1676,4.0651,4.0255,4.0561,4.0773,False,NORMAL
61cf098a-08dc-5d3c-a74a-93ba4e099ed5,b4a1b008-5a69-5c62-bda7-161e73a71efd,125.0,1.4316,1.3857,1.4298,1.4401,6.0777,6.3269,6.8316,6.72,4.0345,4.011,4.0346,4.0562,False,NORMAL
6455778a-2995-5171-84bc-e7dfb82fe927,f5145f57-b4b2-5ef1-a572-85fd80b571b0,150.0,2.0663,2.1554,2.2614,2.2987,28.7583,30.1845,30.095,31.3162,4.2536,4.2507,4.2506,4.3063,True,SUBTLE_MULTIVARIATE
64889b66-6ad2-5c6d-b215-643190f2135d,d6309f35-b7fa-581b-bd71-727f63f28335,125.0,1.382,1.4689,1.4421,1.4665,9.1527,9.3647,9.6771,9.6909,4.4191,4.4193,4.4063,4.3789,False,NORMAL
64da3cc2-f9f5-513c-800a-572ecd1dfb2f,d6309f35-b7fa-581b-bd71-727f63f28335,125.0,1.4276,1.484,1.531,2.7852,10.4788,10.592,10.2164,41.6752,4.3028,4.3453,4.3512,4.2997,True,LATE_DRIFT
656d1948-e9a8-52d2-a277-d8ec69fdc516,b4a1b008-5a69-5c62-bda7-161e73a71efd,125.0,1.2322,1.3484,1.3431,1.307,4.377,4.4896,4.5026,4.6143,3.9058,3.9289,3.8788,3.8928,False,NORMAL
66137ea9-5136-5524-bf38-a583d3bd2ac1,d6309f35-b7fa-581b-bd71-727f63f28335,125.0,1.3756,1.4292,1.4143,1.4084,8.7159,8.8721,9.222,9.4095,4.4207,4.4737,4.4669,4.5143,False,NORMAL
6826c234-d560-5b84-9346-ebc04215ef11,d6309f35-b7fa-581b-bd71-727f63f28335,125.0,1.3034,1.2995,1.3639,1.3182,7.9336,8.4418,7.9335,8.208,4.2904,4.2938,4.4001,4.3235,False,NORMAL
68ad3b29-bd9f-577b-ac5b-cc530574a77c,be6b1c50-1727-531d-a33e-b848c64545d9,150.0,2.1807,2.2292,2.3146,2.2869,22.4954,23.555,23.4504,24.3776,3.8566,3.8401,3.8645,3.9503,False,NORMAL
6903e2fc-fa32-5da2-a5fd-74aae18ae602,f5145f57-b4b2-5ef1-a572-85fd80b571b0,150.0,1.9313,1.9772,2.2853,2.5623,22.7945,24.4436,30.1288,43.024,4.0223,4.1155,4.1001,4.1029,True,STEEP_DRIFT
692c3254-f5ae-53d0-b634-e582aa00fb2f,be6b1c50-1727-531d-a33e-b848c64545d9,150.0,2.4238,2.3902,2.4466,2.4626,39.2031,40.7319,41.5161,43.1529,3.8684,3.8645,3.9234,3.9054,True,LEVEL_OUTLIER
69e476fd-0b73-5d05-a1f9-72715875ca2a,b4a1b008-5a69-5c62-bda7-161e73a71efd,125.0,1.38,1.3453,1.4573,1.3995,5.5008,5.6863,5.603,5.6611,3.9126,3.8782,3.8996,3.9174,False,NORMAL
6b044265-99f2-5f19-82b1-10a341553a44,d6309f35-b7fa-581b-bd71-727f63f28335,125.0,1.4809,1.4299,1.4927,1.5028,8.5875,8.9967,8.9212,8.9678,4.1745,4.1792,4.1803,4.2108,False,NORMAL
6d331cba-e9ff-5c66-baa8-fc91e682f587,be6b1c50-1727-531d-a33e-b848c64545d9,150.0,2.4898,2.4926,2.4582,2.5645,26.2374,27.6253,28.6782,29.1061,3.9132,3.9448,3.978,3.9916,False,NORMAL
6d5ab70a-24db-5ca3-8edf-6d08961abb5a,f5145f57-b4b2-5ef1-a572-85fd80b571b0,150.0,1.9579,2.0154,2.1258,2.0581,22.5075,24.7058,25.2757,25.4101,4.2359,4.2255,4.239,4.2671,False,NORMAL
6d63c018-fa52-5e6d-896b-071c5091fd65,f5145f57-b4b2-5ef1-a572-85fd80b571b0,150.0,1.9609,2.1052,2.3368,2.5833,24.0863,26.0534,35.4736,41.8925,4.0898,4.1092,4.1019,4.0941,True,STEEP_DRIFT
6ec15b10-330f-5454-b6a6-775eca6eec09,f5145f57-b4b2-5ef1-a572-85fd80b571b0,150.0,2.1147,2.0519,2.0461,2.1583,30.3291,31.9239,32.0087,31.8267,4.0417,4.1123,4.1151,4.1797,False,NORMAL
6f55368b-d8bb-51c6-bde1-7d901d5569ea,d6309f35-b7fa-581b-bd71-727f63f28335,125.0,1.3748,1.4253,1.4238,1.4833,8.8985,9.057,9.254,9.1782,4.0715,4.0955,4.0893,4.1025,False,NORMAL
71c74a14-11e4-519b-9588-718c1a32ade8,be6b1c50-1727-531d-a33e-b848c64545d9,150.0,2.3699,2.4836,2.3972,2.5228,28.073,30.1686,30.4203,29.398,4.0753,4.1331,4.1263,4.1501,False,NORMAL
71e99803-f822-53fa-995f-dac8f5632c41,b4a1b008-5a69-5c62-bda7-161e73a71efd,125.0,1.3174,1.367,1.3974,1.378,5.4152,5.4447,5.7729,5.5189,3.9922,4.0012,4.022,3.9827,False,NORMAL
72aec009-7a8f-5698-922c-9d04d73db264,be6b1c50-1727-531d-a33e-b848c64545d9,150.0,2.434,2.5338,2.7612,2.8636,24.1386,24.9912,25.488,25.2917,4.0188,4.0305,4.0097,4.0197,False,NORMAL
734de3a5-26d4-55ed-b2bd-68b097131dda,d6309f35-b7fa-581b-bd71-727f63f28335,125.0,1.3718,1.3877,1.6055,2.4602,8.2618,8.5768,14.2884,31.4887,4.0849,4.2172,4.1227,4.1223,True,LATE_DRIFT
73a9e03c-43e4-5bc3-b8d3-c27089fa7147,f5145f57-b4b2-5ef1-a572-85fd80b571b0,150.0,2.186,2.1742,2.2109,2.1777,26.3938,27.3612,28.5492,28.3446,4.0903,4.1053,4.1911,4.1515,False,NORMAL
73fcb9af-0ae6-59f7-ac71-67984d693faa,b4a1b008-5a69-5c62-bda7-161e73a71efd,125.0,1.3828,1.3971,1.4502,1.4124,6.1494,6.3849,6.3992,6.3683,3.9746,3.957,3.9955,4.004,False,NORMAL
75b07ba6-a3a5-59f3-ac4f-fcc1c74961e6,f5145f57-b4b2-5ef1-a572-85fd80b571b0,150.0,1.9967,2.0827,2.1426,2.2333,25.6065,25.4113,26.9824,27.9808,3.944,4.0616,4.0927,4.0844,False,NORMAL
76cb240d-8905-50ee-8bd1-32b0eb074eef,f5145f57-b4b2-5ef1-a572-85fd80b571b0,150.0,1.9918,1.994,2.1423,2.174,27.4894,28.8205,30.2043,28.8968,4.1131,4.1358,4.1407,4.1374,False,NORMAL
78ada434-e40a-5783-943d-008c3143bcc2,be6b1c50-1727-531d-a33e-b848c64545d9,150.0,2.1347,2.2704,2.3213,2.2473,22.3397,23.9391,25.477,26.6671,3.952,3.9842,3.9914,4.0108,False,NORMAL
7a478c38-7f7f-5c41-8e8c-961be9eba063,f5145f57-b4b2-5ef1-a572-85fd80b571b0,150.0,1.9562,1.9889,2.2162,3.0038,22.9983,23.8321,28.8076,57.8992,3.826,3.8567,3.9267,3.8596,True,STEEP_DRIFT
7ce57024-7400-557e-8447-637de78f89b0,b4a1b008-5a69-5c62-bda7-161e73a71efd,125.0,1.4082,1.4349,1.4438,1.4443,5.226,5.4411,5.4111,5.4716,3.9024,3.9219,3.9878,3.9313,False,NORMAL
7d8891f3-c606-5013-9c5e-399ca4c15aff,f5145f57-b4b2-5ef1-a572-85fd80b571b0,150.0,2.0739,2.2303,2.2472,2.3172,30.0104,30.3898,32.3186,32.7452,4.1346,4.1809,4.09,4.1543,False,NORMAL
7f044def-f408-5912-9f31-8c9b05942ff9,b4a1b008-5a69-5c62-bda7-161e73a71efd,125.0,1.4303,1.4128,1.436,1.4666,6.0167,6.0701,6.2662,6.341,4.0441,4.0254,4.031,4.1027,False,NORMAL
80d468ff-4c6e-5c1c-8bd8-378c8993851b,be6b1c50-1727-531d-a33e-b848c64545d9,150.0,2.4709,2.5596,2.5547,2.5926,25.6406,27.0458,26.5366,27.6711,3.8304,3.8434,3.8553,3.8648,False,NORMAL
814e483f-e57b-58a8-86f5-20e56a1ce5a3,be6b1c50-1727-531d-a33e-b848c64545d9,150.0,2.2088,2.4926,2.667,2.659,19.2676,20.9429,20.2227,20.0633,4.0804,4.0593,4.1636,4.0949,False,NORMAL
82561079-3626-57ef-b00c-d7cf3a4b855d,d6309f35-b7fa-581b-bd71-727f63f28335,125.0,1.462,1.4747,1.5123,1.5404,10.2107,10.1326,10.6534,10.3355,4.4058,4.3658,4.3057,4.3308,False,NORMAL
82793e9f-a6f5-512a-9207-e31a9c4b3aea,d6309f35-b7fa-581b-bd71-727f63f28335,125.0,1.369,1.3986,1.4191,1.4502,8.051,8.1243,8.5406,9.0159,4.2129,4.2218,4.1726,4.2197,False,NORMAL
82c07fbd-a9f9-5453-8c2c-1ef513ee2d4c,b4a1b008-5a69-5c62-bda7-161e73a71efd,125.0,1.5289,1.5053,1.5307,1.5399,5.7907,5.6374,6.0995,5.9086,4.0675,4.1212,4.0833,4.0422,False,NORMAL
83304500-e865-5194-a3c9-28fee9557418,be6b1c50-1727-531d-a33e-b848c64545d9,150.0,2.3879,2.5408,2.5831,2.5805,24.5148,25.8475,26.2848,25.6403,3.9719,3.9279,4.0063,3.9879,False,NORMAL
836d0c5f-a5fc-5a16-9ec6-5d4c25d4e5aa,f5145f57-b4b2-5ef1-a572-85fd80b571b0,150.0,2.2618,2.3226,2.404,2.3505,31.9525,33.7084,36.5201,36.2808,4.2032,4.2101,4.2474,4.2821,True,SUBTLE_MULTIVARIATE
84a89569-4fdf-5139-9c21-d5e3efbeaae1,be6b1c50-1727-531d-a33e-b848c64545d9,150.0,2.3042,2.3902,2.4031,2.3822,25.8614,26.7298,26.5776,28.3594,3.8665,3.9337,3.9426,3.8806,False,NORMAL
86dc2e10-8dae-5cc3-b38f-4c6be9a8d682,be6b1c50-1727-531d-a33e-b848c64545d9,150.0,2.3468,2.4562,2.5212,2.5864,27.9691,27.655,29.9311,29.4409,3.8756,3.9472,3.92,3.9614,False,NORMAL
8778cf6c-d6c6-578b-87e2-de636f27cdad,d6309f35-b7fa-581b-bd71-727f63f28335,125.0,1.4809,1.5531,1.6031,1.608,9.5286,9.7929,10.0562,10.4396,4.0815,4.0676,4.0904,4.1386,False,NORMAL
8821342e-48b6-57e5-85ae-1ff362d263c8,d6309f35-b7fa-581b-bd71-727f63f28335,125.0,1.3624,1.3303,1.3666,1.3519,6.6665,6.9074,6.9334,7.1779,4.0641,4.1067,4.0976,4.1561,False,NORMAL
8865bd0c-1261-5c77-bcbc-319de896e054,d6309f35-b7fa-581b-bd71-727f63f28335,125.0,1.3849,1.3841,1.44,1.4038,8.4122,8.7254,8.7693,8.8334,4.088,4.0871,4.0522,4.0988,False,NORMAL
8894fc32-81b7-5646-8263-b22f7ef05e16,f5145f57-b4b2-5ef1-a572-85fd80b571b0,150.0,1.876,1.869,1.9405,2.0059,22.8099,23.1237,23.3473,23.1798,4.1061,4.1071,4.0792,4.2117,False,NORMAL
8a8c9f83-6609-5ed8-af00-5b193e4b540b,f5145f57-b4b2-5ef1-a572-85fd80b571b0,150.0,2.3922,2.5385,2.5511,2.6599,32.9008,35.6172,38.8297,40.4887,3.9012,3.9182,3.9523,4.0005,False,NORMAL
8b2e7598-f456-517d-b912-175fd6235fba,be6b1c50-1727-531d-a33e-b848c64545d9,150.0,2.2882,2.443,2.3849,2.4873,21.0782,21.2092,21.6061,22.2,3.9491,3.8921,3.8929,3.9272,False,NORMAL
8ba94842-94dc-501d-a9fd-f9a35dd59079,f5145f57-b4b2-5ef1-a572-85fd80b571b0,150.0,1.9239,2.0047,2.0322,2.0466,20.9335,22.3915,22.8358,24.2024,4.1524,4.1648,4.1824,4.189,False,NORMAL
8bb20dfb-2d99-5df8-a868-0ffb2d369565,be6b1c50-1727-531d-a33e-b848c64545d9,150.0,2.1915,2.2964,2.3735,2.2767,19.0636,19.6631,20.558,20.5997,4.1299,4.1634,4.222,4.2008,False,NORMAL
8c7b7eb9-5999-53a6-b0b8-cafc1a2945b5,d6309f35-b7fa-581b-bd71-727f63f28335,125.0,1.324,1.3644,1.3952,1.3792,7.7847,7.6458,8.0327,7.8721,4.0451,4.0212,4.0606,4.1419,False,NORMAL
8c82a6ee-198a-5caa-8547-dbefeaf273b7,f5145f57-b4b2-5ef1-a572-85fd80b571b0,150.0,2.1815,2.2913,2.319,2.4994,27.8519,28.3106,30.3257,31.4924,4.0278,4.0264,4.0598,4.1471,False,NORMAL
8e85d2f8-e225-555e-8e92-b00a649a31c0,b4a1b008-5a69-5c62-bda7-161e73a71efd,125.0,1.2361,1.2521,1.2166,1.2669,6.5678,6.5276,6.5752,7.0736,3.801,3.7142,3.8111,3.7394,False,NORMAL
8efea4ee-4b23-52e0-b539-8d7b72b51d20,b4a1b008-5a69-5c62-bda7-161e73a71efd,125.0,1.3755,1.3808,1.3498,1.4144,6.0441,6.0834,6.0765,6.1801,3.8862,3.9391,3.8551,3.908,False,NORMAL
8f5a6fc9-7f8d-522d-b744-4e654e8f2d39,f5145f57-b4b2-5ef1-a572-85fd80b571b0,150.0,2.1035,2.2654,2.2341,2.2069,31.6235,32.5683,33.647,35.873,4.0471,4.1745,4.1882,4.2445,False,NORMAL
8f85004a-2923-5592-8773-ad1e4e73deb8,f5145f57-b4b2-5ef1-a572-85fd80b571b0,150.0,1.9037,1.8928,1.926,1.9446,25.3288,26.5961,27.376,27.434,3.9999,4.0571,4.0605,4.0735,False,NORMAL
8f961b1e-2fd6-5d66-8a82-ba9560f3bbe2,f5145f57-b4b2-5ef1-a572-85fd80b571b0,150.0,2.1834,2.1918,2.3971,2.3339,23.6941,25.8239,24.8921,26.7296,4.0926,4.0888,4.1216,4.1523,False,NORMAL
8fa8abd9-683e-5f72-9e24-85c9c159a248,d6309f35-b7fa-581b-bd71-727f63f28335,125.0,1.3468,1.4277,1.382,1.3587,8.0451,8.1778,8.198,8.1896,4.2477,4.2755,4.2135,4.3433,False,NORMAL
9043d5a3-7a5e-5aea-87d2-f407b14755b3,d6309f35-b7fa-581b-bd71-727f63f28335,125.0,1.4911,1.5379,1.5531,1.5507,10.1897,10.185,10.1398,10.3328,4.4157,4.4049,4.4078,4.4639,False,NORMAL
92a45823-7a5c-544c-8269-ca66516344d3,d6309f35-b7fa-581b-bd71-727f63f28335,125.0,1.2824,1.3303,1.355,1.3336,16.5816,16.1826,16.9135,16.7838,4.0269,4.1385,4.0897,4.1357,True,LEVEL_OUTLIER
933fff9b-9926-59ed-b173-749148ceeb99,b4a1b008-5a69-5c62-bda7-161e73a71efd,125.0,1.458,1.4403,1.4842,1.4909,4.9907,5.0639,5.3514,5.1978,3.7861,3.8343,3.7717,3.8179,False,NORMAL
93b3d0a0-f960-5d75-91be-27866876d37b,d6309f35-b7fa-581b-bd71-727f63f28335,125.0,1.3691,1.3659,1.4131,1.4062,7.6765,7.9571,8.2123,8.2825,4.3562,4.2971,4.3203,4.3244,False,NORMAL
93f5e077-6004-5223-b4c8-35f9139154d6,b4a1b008-5a69-5c62-bda7-161e73a71efd,125.0,1.3391,1.4163,1.435,1.3751,5.8186,6.3243,6.2796,6.2751,3.8068,3.9349,3.9056,3.8897,False,NORMAL
95281a4f-e4ec-51cb-a6da-9693304b36d8,f5145f57-b4b2-5ef1-a572-85fd80b571b0,150.0,2.0181,2.1455,2.2299,2.3483,25.208,26.0742,26.9718,28.4865,4.1144,4.1839,4.2467,4.2628,False,NORMAL
952e7aa7-db96-5e53-b57d-e46f70917daa,f5145f57-b4b2-5ef1-a572-85fd80b571b0,150.0,2.1318,2.1982,2.2498,2.3629,26.1358,29.512,29.0119,30.2232,3.9534,3.9795,4.0373,4.0375,False,NORMAL
9574aa7a-3f4d-5fdd-b7b0-0a134117af8b,f5145f57-b4b2-5ef1-a572-85fd80b571b0,150.0,2.0941,2.1726,2.2344,2.287,25.8686,27.4924,30.9226,31.9984,3.9165,3.9433,3.9982,3.9984,False,NORMAL
95c21ce6-8368-5d2f-821b-a9e8e422913c,b4a1b008-5a69-5c62-bda7-161e73a71efd,125.0,1.2817,1.3204,1.3172,1.3047,5.0032,4.9072,5.0245,4.9034,3.8728,3.8897,3.8409,3.8726,False,NORMAL
967b9b8b-d0db-506f-b6de-a5435677e763,d6309f35-b7fa-581b-bd71-727f63f28335,125.0,1.5472,1.564,1.55,2.7766,11.3303,10.9763,11.8886,39.9116,4.0877,4.2099,4.1988,4.2307,True,LATE_DRIFT
97077da0-55f7-58d1-a66d-84ec61345231,be6b1c50-1727-531d-a33e-b848c64545d9,150.0,2.1689,2.2533,2.4007,2.3164,25.6843,27.5292,27.8798,29.3569,3.9316,4.0513,4.0391,4.0444,False,NORMAL
97ace3bf-611a-55ae-9f26-32e68cae1f15,be6b1c50-1727-531d-a33e-b848c64545d9,150.0,2.3019,2.392,2.3846,2.4007,21.8105,23.4109,23.2572,23.1098,3.8645,3.9369,3.9566,3.9162,False,NORMAL
9833ceb7-9ec6-5352-8b60-ec3281a52d15,f5145f57-b4b2-5ef1-a572-85fd80b571b0,150.0,2.0732,2.0867,2.0989,2.1176,27.1373,30.7601,32.7196,33.6639,4.0144,4.0415,4.0222,4.0992,False,NORMAL
98f48b8d-f146-58d0-8d6a-7269e65ef798,be6b1c50-1727-531d-a33e-b848c64545d9,150.0,2.359,2.4746,2.5061,2.6734,23.1748,24.4901,25.3707,26.2973,3.8475,3.9343,3.8571,3.8942,False,NORMAL
9a97a64d-38cd-50ae-ad72-7e6fbf7c50ff,d6309f35-b7fa-581b-bd71-727f63f28335,125.0,1.3014,1.3237,1.3828,1.3538,7.6234,7.8308,7.8101,8.2232,4.207,4.2628,4.2355,4.2236,False,NORMAL
9b47ad77-ada2-5e01-afff-9c2667879629,d6309f35-b7fa-581b-bd71-727f63f28335,125.0,1.494,1.4566,1.4962,1.4707,8.4192,8.5749,8.8879,9.0551,3.9168,3.9776,3.9572,3.9558,False,NORMAL
9bbf1e63-0f48-57c5-8887-c216e065c20f,f5145f57-b4b2-5ef1-a572-85fd80b571b0,150.0,2.1212,2.1892,2.243,2.3014,39.7796,42.7764,41.0897,42.7932,4.1382,4.1539,4.1993,4.189,True,LEVEL_OUTLIER
9c61779d-efc0-5896-978a-cbf3ab6083d4,b4a1b008-5a69-5c62-bda7-161e73a71efd,125.0,1.304,1.333,1.3056,1.33,6.3661,6.2518,5.9339,6.1584,3.9168,3.9611,4.0319,3.9444,False,NORMAL
9d4e4631-ce62-52c8-959d-7d86151043f7,f5145f57-b4b2-5ef1-a572-85fd80b571b0,150.0,2.1126,2.1652,2.1493,2.2965,28.276,29.0568,30.0823,31.944,4.0549,4.0658,4.1447,4.1103,False,NORMAL
9e2a2aa9-4379-5d98-9af5-0d16fb9a7ca7,d6309f35-b7fa-581b-bd71-727f63f28335,125.0,1.4214,1.4939,1.4721,1.4625,9.8929,9.7266,10.1114,9.9688,4.4483,4.471,4.4428,4.4827,False,NORMAL
9f3be9b4-88fd-523d-bc54-571d932119ed,b4a1b008-5a69-5c62-bda7-161e73a71efd,125.0,1.336,1.4004,1.3976,1.4534,14.5966,15.0788,14.7559,14.6105,3.8707,3.9365,3.9468,3.8763,True,LEVEL_OUTLIER
9f587d13-8d7c-5c1b-b037-5435e2c9a6d5,f5145f57-b4b2-5ef1-a572-85fd80b571b0,150.0,2.1824,2.2175,2.2603,2.2188,30.1346,32.4208,33.143,33.603,3.9327,3.9864,3.949,4.0138,False,NORMAL
9f696d75-7ee4-54c9-b4e8-d4e09f067cb6,be6b1c50-1727-531d-a33e-b848c64545d9,150.0,2.4659,2.4973,2.6474,2.7018,26.2442,26.5658,26.2663,27.3159,3.9224,3.9599,3.9224,3.9599,False,NORMAL
a008e8ea-f727-58c4-b0c5-4d3457b86bc4,d6309f35-b7fa-581b-bd71-727f63f28335,125.0,1.4265,1.4383,1.4211,1.4187,8.9777,8.8714,9.4813,9.3218,4.4076,4.4315,4.4584,4.387,False,NORMAL
a0d0d5a8-9870-5ef5-821c-78bc6bd26ae7,b4a1b008-5a69-5c62-bda7-161e73a71efd,125.0,1.2912,1.4028,1.3943,1.3899,5.3313,5.6605,5.7182,6.0512,3.7995,3.8527,3.8259,3.833,False,NORMAL
a1366c46-467e-5284-8b4b-fb97ecb21ac9,f5145f57-b4b2-5ef1-a572-85fd80b571b0,150.0,2.0907,2.0989,2.1766,2.1571,25.5901,25.8932,25.8858,25.9635,4.3303,4.2778,4.3474,4.3557,False,NORMAL
a48afbdd-06de-5546-bb22-383c10cd29c6,d6309f35-b7fa-581b-bd71-727f63f28335,125.0,1.4283,1.4739,1.4816,1.49,8.4557,8.8965,9.2152,9.1636,4.2674,4.1739,4.2662,4.2233,False,NORMAL
a4a35463-dbf2-5682-8015-5fd7a84226f5,d6309f35-b7fa-581b-bd71-727f63f28335,125.0,1.3574,1.3245,1.4797,1.4385,8.4359,7.8114,8.0172,8.4146,4.2705,4.2643,4.2327,4.3022,False,NORMAL
a5c41c65-3994-5fd9-89f2-e30cbdd69092,be6b1c50-1727-531d-a33e-b848c64545d9,150.0,2.3853,2.5496,2.6592,2.6516,25.8354,25.8877,26.7504,26.1521,3.8961,3.9283,3.9968,3.9412,False,NORMAL
a6369713-b470-527d-92e9-08bc3e665d32,d6309f35-b7fa-581b-bd71-727f63f28335,125.0,1.3977,1.3923,1.3658,1.4103,9.3343,9.3686,9.5399,10.1327,4.011,4.0826,4.099,4.0567,False,NORMAL
a8dc9654-ff4d-5e95-baa5-1ea52e36c193,d6309f35-b7fa-581b-bd71-727f63f28335,125.0,1.4144,1.4629,1.4598,1.4667,9.7859,9.6425,9.1889,9.4739,4.3178,4.3548,4.3099,4.3459,False,NORMAL
aa457719-78a2-57b5-83e3-0509b04ce510,f5145f57-b4b2-5ef1-a572-85fd80b571b0,150.0,1.9955,2.0907,2.193,2.2874,22.5942,23.7563,24.4404,26.6174,3.9732,4.0721,4.0813,4.0977,False,NORMAL
aad46ee0-c577-5f7b-9f9d-6a4155e9b269,be6b1c50-1727-531d-a33e-b848c64545d9,150.0,2.28,2.3548,2.3727,2.572,25.353,25.544,26.191,27.0672,4.1014,4.059,4.0997,4.0778,False,NORMAL
abcc9309-54a5-5b11-933e-e27021bb2b8f,be6b1c50-1727-531d-a33e-b848c64545d9,150.0,2.2488,2.4019,2.4371,2.5228,20.029,24.0257,25.5725,27.5733,3.8283,3.7727,3.7958,3.8427,False,NORMAL
ac502aa4-c568-55b7-89a7-44b5fdbd9d0c,be6b1c50-1727-531d-a33e-b848c64545d9,150.0,2.2117,2.3555,2.4559,2.5211,23.7027,23.8518,23.7166,24.0588,4.0139,3.9774,4.0204,4.0709,False,NORMAL
ac7494f4-7c64-5234-8e4b-e65aaa9c1eeb,d6309f35-b7fa-581b-bd71-727f63f28335,125.0,1.4428,1.4265,1.469,1.4521,10.249,10.8602,10.3155,10.6798,4.4667,4.4558,4.4863,4.4905,False,NORMAL
ad83df7e-33f6-5cd1-941d-b8ea02a54808,f5145f57-b4b2-5ef1-a572-85fd80b571b0,150.0,2.1885,2.2255,2.3083,2.2628,26.0872,27.0818,27.5154,27.3185,3.8033,3.8211,3.866,3.8375,False,NORMAL
ae12f254-62f6-5917-8ffb-1953bb5045b5,f5145f57-b4b2-5ef1-a572-85fd80b571b0,150.0,2.3293,2.3747,2.444,2.8467,28.5956,30.5055,35.4216,47.4667,4.052,4.0643,4.0925,4.1404,True,STEEP_DRIFT
ae1fd3e7-4ee7-5af4-83ea-3662db6f5aff,be6b1c50-1727-531d-a33e-b848c64545d9,150.0,2.2079,2.3792,2.9496,3.8358,20.207,23.1771,39.1462,61.884,3.9953,4.0273,4.031,3.9717,True,STEEP_DRIFT
ae2194b9-e710-5870-8bfb-7b56f0b5159e,be6b1c50-1727-531d-a33e-b848c64545d9,150.0,2.1456,2.1479,2.2697,2.3221,20.7254,21.4089,21.7448,21.5206,3.9055,3.932,3.9432,3.9202,False,NORMAL
af23103c-2d78-50f1-a908-f5efc0cb7e37,d6309f35-b7fa-581b-bd71-727f63f28335,125.0,1.4962,1.6297,2.597,3.8082,10.3572,12.2414,31.9221,64.3833,4.3376,4.413,4.4028,4.4009,True,STEEP_DRIFT
af743c0f-bd24-50b6-96f5-a0e8675e18b1,be6b1c50-1727-531d-a33e-b848c64545d9,150.0,2.1108,2.1871,2.3835,2.6157,19.0105,20.3646,24.9172,29.8407,3.7974,3.7759,3.802,3.8954,True,STEEP_DRIFT
aff9625a-251a-5bb9-b7d9-e3a4494f4d15,f5145f57-b4b2-5ef1-a572-85fd80b571b0,150.0,2.1138,2.2309,2.2799,2.2579,25.2822,25.8227,26.4503,28.2986,3.9639,3.978,4.0917,4.0471,False,NORMAL
b382582a-3477-515e-8d0a-50dabc989feb,b4a1b008-5a69-5c62-bda7-161e73a71efd,125.0,1.3811,1.4508,1.4879,1.5269,6.1497,6.336,6.5838,6.5233,3.9838,3.9914,4.0355,3.9977,False,NORMAL
b3c13995-3c3f-531e-874d-a12e16f8455b,f5145f57-b4b2-5ef1-a572-85fd80b571b0,150.0,2.2009,2.2261,2.257,2.2846,31.6415,33.423,33.0831,34.2353,3.973,3.9826,4.0049,3.9898,False,NORMAL
b5ab01cc-a40f-5f40-b089-6064693af082,b4a1b008-5a69-5c62-bda7-161e73a71efd,125.0,1.2632,1.2992,1.3244,1.3241,5.8302,5.2983,5.6491,5.506,3.8929,3.8958,3.9003,3.917,False,NORMAL
b60e952b-05f0-5d82-bfcf-7ae02faf8fa8,b4a1b008-5a69-5c62-bda7-161e73a71efd,125.0,1.3369,1.3635,1.4153,1.3937,5.7106,5.8853,5.9523,5.8698,3.9548,3.9562,3.9962,3.9555,False,NORMAL
b62ff67f-c9b5-5403-b21e-ae46ccbd0142,b4a1b008-5a69-5c62-bda7-161e73a71efd,125.0,1.3385,1.3517,1.3402,1.3975,6.8466,6.9355,6.9218,6.9256,3.8447,3.841,3.8874,3.8353,False,NORMAL
b649d116-bb55-525f-b657-e51360728f31,be6b1c50-1727-531d-a33e-b848c64545d9,150.0,2.5351,2.6622,2.7985,2.7643,30.0901,32.1683,32.8754,33.3144,3.9485,3.9477,3.9814,4.0313,False,NORMAL
b677beb4-cb7f-5ab1-8e97-dfe3dd2ae04d,b4a1b008-5a69-5c62-bda7-161e73a71efd,125.0,1.2055,1.2483,1.2689,1.2508,6.0297,6.1114,6.1573,5.927,3.6273,3.6345,3.6234,3.6826,False,NORMAL
b80b520a-1783-58c3-9103-41ca78d1ed40,d6309f35-b7fa-581b-bd71-727f63f28335,125.0,1.5699,1.5999,1.648,1.6326,12.1067,11.8504,12.4868,12.0293,4.5685,4.5767,4.5285,4.5861,True,SUBTLE_MULTIVARIATE
b8d5fe3c-5ceb-5581-9f13-1a8dccffe313,f5145f57-b4b2-5ef1-a572-85fd80b571b0,150.0,1.9257,2.0407,2.2635,2.3334,26.1079,27.2967,33.5099,39.8954,4.0411,4.006,4.0591,4.0526,True,STEEP_DRIFT
b9b3a853-34ab-5976-b9cb-407cde9d3afd,b4a1b008-5a69-5c62-bda7-161e73a71efd,125.0,1.2882,1.2321,1.2853,1.2779,5.4022,5.233,5.1105,5.0363,4.0435,4.0148,4.0085,4.0834,False,NORMAL
ba1adf3a-31d0-5594-857c-e3187475aff1,be6b1c50-1727-531d-a33e-b848c64545d9,150.0,2.2681,2.3815,2.525,2.5188,23.8728,24.0994,24.2822,24.4684,4.1497,4.149,4.1848,4.1821,False,NORMAL
bc836f02-551c-55e6-b30f-e9b22121cc56,b4a1b008-5a69-5c62-bda7-161e73a71efd,125.0,1.3471,1.3344,1.3108,1.3172,5.4375,5.6443,5.601,5.6074,3.8308,3.8528,3.8796,3.9005,False,NORMAL
bdba38b6-6bc7-53e2-8a3f-7b0445602e1c,be6b1c50-1727-531d-a33e-b848c64545d9,150.0,2.1726,2.3386,2.4151,2.4451,28.3721,27.9408,29.0435,30.6988,3.8557,3.9424,3.9481,3.9846,False,NORMAL
be7fb769-ba54-59d1-bf4d-a2ab72de1fb5,f5145f57-b4b2-5ef1-a572-85fd80b571b0,150.0,2.0049,2.0001,2.0486,2.1301,30.7243,31.6376,32.5169,33.3821,3.8788,3.9716,3.9722,3.9861,False,NORMAL
bf361ac8-afd4-5b82-9b05-185f7335a1ef,b4a1b008-5a69-5c62-bda7-161e73a71efd,125.0,1.3027,1.3274,1.3241,1.3443,5.2467,5.1018,5.2568,5.4603,3.9585,3.9726,4.022,3.9735,False,NORMAL
bfaebaef-ea58-5cd7-91f5-0257b2c80c76,b4a1b008-5a69-5c62-bda7-161e73a71efd,125.0,1.2678,1.4007,1.8709,2.6459,5.8248,6.4641,13.2842,24.4988,3.8372,3.8009,3.784,3.8539,True,STEEP_DRIFT
c0088495-6022-5272-90e3-7dea69074b9c,f5145f57-b4b2-5ef1-a572-85fd80b571b0,150.0,2.1345,2.2724,2.3107,2.412,29.1431,28.9212,29.4118,29.8864,4.043,4.0901,4.0431,4.1242,False,NORMAL
c0a3bd20-d9d5-5ea2-8506-f08a48583f4b,d6309f35-b7fa-581b-bd71-727f63f28335,125.0,1.4401,1.4359,1.4613,1.4637,7.9743,7.7243,8.2118,7.9462,4.247,4.2682,4.2321,4.221,False,NORMAL
c14ba234-0fcb-570e-8320-c610713b77c1,f5145f57-b4b2-5ef1-a572-85fd80b571b0,150.0,2.1774,2.2809,2.3255,2.3071,29.2399,30.2442,29.9994,29.0975,4.0298,3.9865,4.0062,3.9857,False,NORMAL
c268cf6b-6e07-5452-b2ff-a021e7dac313,d6309f35-b7fa-581b-bd71-727f63f28335,125.0,1.3273,1.3621,1.3816,1.3602,8.1661,8.9946,8.92,8.9614,4.2112,4.2048,4.2573,4.2197,False,NORMAL
c285055b-ca48-59ae-ad31-394c62aa3c13,be6b1c50-1727-531d-a33e-b848c64545d9,150.0,2.1147,2.1916,2.1385,2.2294,19.9357,21.1199,21.3067,21.2288,3.912,3.9231,3.8955,4.0153,False,NORMAL
c2fc876c-625b-5596-adbf-8311fe4b772e,b4a1b008-5a69-5c62-bda7-161e73a71efd,125.0,1.4824,1.4814,1.5004,1.486,7.3105,7.0455,7.5357,7.3676,4.0441,4.1222,4.0098,4.1055,True,SUBTLE_MULTIVARIATE
c4ce5900-bd33-58a5-a37b-1ea9bc4c306d,d6309f35-b7fa-581b-bd71-727f63f28335,125.0,1.3559,1.3462,1.3695,1.4208,8.3991,8.6504,9.1974,8.8277,4.2364,4.2316,4.2003,4.2715,False,NORMAL
c59efc23-b5c2-5a41-979a-5efd8e037d0c,be6b1c50-1727-531d-a33e-b848c64545d9,150.0,2.6015,2.6901,2.7918,2.8058,29.4755,30.9963,30.4422,29.9024,4.1536,4.2421,4.3078,4.3041,True,SUBTLE_MULTIVARIATE
c6d1d9ea-6135-5a43-ac16-f03ceb3b14ce,be6b1c50-1727-531d-a33e-b848c64545d9,150.0,2.5783,2.7101,2.855,2.8544,24.7747,26.2101,26.7327,26.935,3.9537,4.01,3.9597,4.0067,False,NORMAL
c79f4f50-eae5-5626-9dfd-ab315d95c0d2,be6b1c50-1727-531d-a33e-b848c64545d9,150.0,2.4415,2.4532,2.4491,2.5261,28.3607,29.4357,29.7178,30.0725,3.8776,3.9608,3.952,3.9753,False,NORMAL
c91f7227-a9fc-538b-9feb-fbbfe12dddd4,be6b1c50-1727-531d-a33e-b848c64545d9,150.0,2.2491,2.3622,2.3969,2.4072,27.7681,28.9505,29.0711,28.9674,3.9956,4.014,4.042,4.0592,False,NORMAL
c92c15a8-e3be-5317-b648-1bced2326d42,d6309f35-b7fa-581b-bd71-727f63f28335,125.0,1.3801,1.4002,1.4035,1.4251,7.778,8.2171,8.2309,8.3308,4.3396,4.3813,4.349,4.4014,False,NORMAL
c94da7d7-6e5d-5f5e-b2e5-89e91e93f2a0,b4a1b008-5a69-5c62-bda7-161e73a71efd,125.0,1.3551,1.6331,3.3628,5.4233,5.0759,9.2835,30.242,58.4238,3.7804,3.7747,3.8427,3.8284,True,STEEP_DRIFT
ca06fbff-4aa5-50d8-848a-71a7cebc9501,be6b1c50-1727-531d-a33e-b848c64545d9,150.0,2.3143,2.4194,2.4243,2.4616,21.3,20.9879,22.6061,22.4572,4.077,4.0298,4.069,4.1206,False,NORMAL
cacdd3fb-a8d7-5682-b895-092d466895ff,be6b1c50-1727-531d-a33e-b848c64545d9,150.0,2.2152,2.3317,2.3464,2.4324,19.3736,19.226,20.5646,20.2621,3.7618,3.7463,3.7886,3.8275,False,NORMAL
cadc2e21-97d7-5ffb-9cb0-812cb5cd2280,be6b1c50-1727-531d-a33e-b848c64545d9,150.0,2.3546,2.5442,2.5584,2.5412,28.4452,30.6659,28.7314,30.1885,3.9228,3.9842,4.0009,3.9821,False,NORMAL
cadcb0ee-cca5-56bf-958f-1f00c6766406,f5145f57-b4b2-5ef1-a572-85fd80b571b0,150.0,2.0734,2.1643,2.2133,2.2332,25.5835,27.8788,27.2567,28.2856,4.1971,4.3055,4.2999,4.3104,False,NORMAL
cb2e2a83-a500-537d-b761-06ecdb2b1213,d6309f35-b7fa-581b-bd71-727f63f28335,125.0,1.5364,1.662,2.5905,4.2143,9.8458,11.0863,28.0393,60.191,4.2334,4.2309,4.2532,4.2744,True,STEEP_DRIFT
cbabee25-aa9b-5a37-9cdd-9eeab1c46287,be6b1c50-1727-531d-a33e-b848c64545d9,150.0,2.5114,2.5105,2.5023,2.6,26.2066,25.2229,26.3339,26.4039,3.9226,3.9751,3.9393,3.9528,False,NORMAL
cbcb90f2-3709-5156-8bda-1632161f2a47,be6b1c50-1727-531d-a33e-b848c64545d9,150.0,2.3486,2.5196,2.7585,2.9553,21.8591,22.3386,27.1408,32.9996,4.1289,4.1893,4.2267,4.2933,True,STEEP_DRIFT
cc90a5ad-1e16-5713-b77b-f4fcc14595d0,b4a1b008-5a69-5c62-bda7-161e73a71efd,125.0,1.4434,1.4687,1.4396,1.4971,6.679,6.8423,7.0814,7.0163,4.0131,4.0019,4.0513,3.9641,False,NORMAL
cd39ecb2-7c38-5188-a1a2-5c6ff19ab26e,f5145f57-b4b2-5ef1-a572-85fd80b571b0,150.0,2.0681,2.199,2.2087,2.2451,25.1339,26.6753,27.252,26.5514,4.1304,4.0922,4.1417,4.2103,False,NORMAL
cd420ce7-be39-5099-8992-8d9abb6b3380,f5145f57-b4b2-5ef1-a572-85fd80b571b0,150.0,2.3766,2.4962,2.5185,2.6316,32.8976,31.8719,33.072,31.7727,4.1003,4.1184,4.1454,4.1715,False,NORMAL
cea36998-7a62-5d3e-8714-6a677f2342c0,be6b1c50-1727-531d-a33e-b848c64545d9,150.0,2.8937,2.8295,2.8746,3.0427,36.1335,35.6811,38.294,38.9221,3.9412,3.9414,4.013,3.9604,False,NORMAL
cf39bd1c-9b32-50ae-a2b3-54a507317452,b4a1b008-5a69-5c62-bda7-161e73a71efd,125.0,1.3356,1.3105,1.3767,1.3091,6.5029,6.5564,6.6204,6.6224,3.921,3.8928,3.832,3.9172,False,NORMAL
cfd29819-32b0-5d04-9c0d-6edd79eb0410,f5145f57-b4b2-5ef1-a572-85fd80b571b0,150.0,2.0383,2.054,2.2294,2.2363,32.0411,34.4536,33.8372,34.4038,3.9537,4.0071,3.9958,3.9828,False,NORMAL
cff40399-46ad-5de1-84cb-a74e5613b6e5,be6b1c50-1727-531d-a33e-b848c64545d9,150.0,2.4074,2.464,2.5436,2.5346,28.2417,30.8718,32.3631,34.1914,4.0697,4.0053,4.0916,3.9896,False,NORMAL
d052380e-7307-5ee9-a208-1023bd1ecedb,f5145f57-b4b2-5ef1-a572-85fd80b571b0,150.0,2.1055,2.104,2.1444,2.1752,27.4868,27.4398,27.1185,28.7437,4.0859,4.102,4.1351,4.1255,False,NORMAL
d0aa6e68-9b72-53ab-a3bf-d30651bbd437,d6309f35-b7fa-581b-bd71-727f63f28335,125.0,1.2638,1.2386,1.2833,1.3041,8.2404,8.3133,8.4797,8.557,4.2492,4.3271,4.3955,4.3437,False,NORMAL
d12d4631-a104-55ba-92d7-cd1970d534ba,d6309f35-b7fa-581b-bd71-727f63f28335,125.0,1.3302,1.4019,1.3272,1.3957,8.1589,8.5903,8.5527,8.2862,4.1007,4.1573,4.1025,4.1272,False,NORMAL
d1a3c9e8-e833-5cb2-aa42-2250adbe6c78,b4a1b008-5a69-5c62-bda7-161e73a71efd,125.0,1.4052,1.5646,2.0105,2.9705,6.0679,6.8446,14.4874,26.1435,3.8924,3.854,3.9187,3.8781,True,STEEP_DRIFT
d1be50e7-56b0-56af-bed2-80bb715b27a1,b4a1b008-5a69-5c62-bda7-161e73a71efd,125.0,1.4765,1.481,1.5849,1.5658,7.0374,7.0317,7.7267,7.5151,3.8287,3.839,3.8555,3.9036,False,NORMAL
d67a9cc1-ff05-5228-a905-67c859dab09c,f5145f57-b4b2-5ef1-a572-85fd80b571b0,150.0,2.2002,2.1672,2.1975,2.3042,24.9564,24.8352,24.7513,25.2642,4.1454,4.1161,4.1505,4.163,False,NORMAL
d6e5813a-6612-5d24-8d31-2d2283eb4964,d6309f35-b7fa-581b-bd71-727f63f28335,125.0,1.3936,1.4522,1.427,1.4999,8.6728,8.9295,8.6176,9.1195,4.3384,4.3577,4.3282,4.337,False,NORMAL
d74b5420-9666-5508-94a3-8b1707079132,be6b1c50-1727-531d-a33e-b848c64545d9,150.0,2.4551,2.5066,2.5832,2.6822,25.4428,26.9616,27.1087,27.0727,3.9883,4.0121,4.1051,4.0702,False,NORMAL
d7c651aa-13e7-5d14-be99-efac00ff8a64,d6309f35-b7fa-581b-bd71-727f63f28335,125.0,1.3989,1.4642,1.4665,1.4436,8.6282,9.1346,8.9513,8.4339,4.2905,4.302,4.3026,4.3783,False,NORMAL
d7f82eee-aa5e-5b4b-b678-0d7ff3e51327,d6309f35-b7fa-581b-bd71-727f63f28335,125.0,1.4405,1.4352,1.4648,1.5205,9.437,9.6715,9.9635,9.6006,4.3725,4.4001,4.3952,4.3692,False,NORMAL
d846d08e-be0c-5618-beac-458072fea418,f5145f57-b4b2-5ef1-a572-85fd80b571b0,150.0,1.9358,1.9747,2.096,2.0766,28.0804,28.7385,30.12,30.2553,3.8399,3.8795,3.857,3.8742,False,NORMAL
d872a908-144c-52e9-a05f-e02ed1b81277,f5145f57-b4b2-5ef1-a572-85fd80b571b0,150.0,2.3726,2.4177,2.3958,2.4114,28.1781,28.1235,29.1066,29.7746,4.4746,4.4724,4.5694,4.5306,True,SUBTLE_MULTIVARIATE
d87ba132-56b9-5112-9ea1-d8f754bfa2ea,f5145f57-b4b2-5ef1-a572-85fd80b571b0,150.0,2.1761,2.3492,2.3008,2.4663,19.3715,19.6298,22.7097,23.3033,3.9192,3.9826,4.0289,4.0,False,NORMAL
d90ff126-9367-54a2-89ce-4b66e14540ed,be6b1c50-1727-531d-a33e-b848c64545d9,150.0,2.5518,2.777,2.8628,2.9029,24.4232,25.7574,26.8739,25.9284,3.8289,3.8998,3.8693,3.9048,False,NORMAL
d9275d2a-5775-5d73-8270-b3ee0fdd4750,d6309f35-b7fa-581b-bd71-727f63f28335,125.0,1.5326,1.548,1.5485,1.561,10.0393,10.4673,9.8239,10.2441,4.159,4.2174,4.2333,4.1416,False,NORMAL
d9e94cad-4a60-55f7-8303-c9cb6a765b44,be6b1c50-1727-531d-a33e-b848c64545d9,150.0,2.331,2.4334,2.419,2.5157,25.3665,27.1624,27.4625,27.4998,3.9189,3.9446,3.947,3.9551,False,NORMAL
db1a4554-aa70-5140-a11c-6f4b72780fd1,b4a1b008-5a69-5c62-bda7-161e73a71efd,125.0,1.3171,1.3205,1.3872,1.3781,5.1159,5.1373,4.9773,5.0362,3.967,3.9665,3.9885,4.018,False,NORMAL
dd13d400-2a47-5979-9cea-c018fc1e6208,b4a1b008-5a69-5c62-bda7-161e73a71efd,125.0,1.4033,1.4741,1.5033,1.5464,6.8672,7.0427,6.8505,7.4571,3.961,4.0415,4.0142,3.9445,False,NORMAL
dd3dfec2-b587-5207-8f7d-4709bf626c86,b4a1b008-5a69-5c62-bda7-161e73a71efd,125.0,1.2819,1.313,1.3345,1.2681,4.8352,4.9134,5.0445,4.907,3.8204,3.8635,3.8546,3.8338,False,NORMAL
de529be2-a59f-54e0-8e0e-723cb843d5c1,be6b1c50-1727-531d-a33e-b848c64545d9,150.0,2.5271,2.5653,2.758,2.7606,24.1964,25.9768,26.4491,27.9516,3.8393,3.8911,3.908,3.8601,False,NORMAL
decf048a-1bc0-54c2-a8ea-ff5d755cd5a9,b4a1b008-5a69-5c62-bda7-161e73a71efd,125.0,1.4189,1.4497,1.4967,1.5051,6.207,6.3902,6.0852,6.0905,3.8375,3.8335,3.9082,3.8848,False,NORMAL
df9f82c0-b510-5d59-82ca-7ac08803dc0d,b4a1b008-5a69-5c62-bda7-161e73a71efd,125.0,1.3261,1.2944,1.3168,1.3507,5.9039,5.7932,6.0457,6.3808,3.7722,3.8675,3.8287,3.7601,False,NORMAL
e10868b1-a011-5176-8278-6f4a760c7538,b4a1b008-5a69-5c62-bda7-161e73a71efd,125.0,1.4007,1.4144,1.4203,1.4706,5.9538,6.2337,6.0109,6.3155,3.9539,3.9904,4.0173,4.0726,False,NORMAL
e1f511cf-188e-56f2-979f-39060d764e95,f5145f57-b4b2-5ef1-a572-85fd80b571b0,150.0,2.1023,2.2653,2.3899,2.3399,26.6777,25.8004,25.4512,26.7327,3.9549,3.9477,4.0611,4.0355,False,NORMAL
e23e417c-1e9d-5719-bba6-5d1a8fdd00b7,d6309f35-b7fa-581b-bd71-727f63f28335,125.0,1.3938,1.433,1.4449,1.4314,7.7543,7.7094,7.4332,7.7347,4.1568,4.0987,4.1124,4.1486,False,NORMAL
e27982e7-de8b-5005-b7c8-1666c1db091a,d6309f35-b7fa-581b-bd71-727f63f28335,125.0,1.4728,1.4856,1.4936,1.489,9.456,9.668,9.6882,9.7166,4.1233,4.1942,4.172,4.1589,False,NORMAL
e2ba6772-5ab2-5c49-a8b6-2c179fbea7b3,be6b1c50-1727-531d-a33e-b848c64545d9,150.0,2.4162,2.542,2.5934,2.6216,25.6423,27.6826,28.2672,28.2557,3.8166,3.8152,3.8253,3.827,False,NORMAL
e3c4d6c2-9c8e-57d1-bf15-6f72d007e076,f5145f57-b4b2-5ef1-a572-85fd80b571b0,150.0,1.9864,2.1881,2.1234,2.1576,20.3252,22.658,22.6462,23.3411,3.8406,3.8936,3.9011,3.9148,False,NORMAL
e3fd65ad-8361-5996-aafd-a31e914d57ce,f5145f57-b4b2-5ef1-a572-85fd80b571b0,150.0,2.0556,2.1885,2.1732,2.1771,27.8928,28.6349,29.4542,29.3644,4.1682,4.2227,4.2708,4.2931,False,NORMAL
e417519b-2e6c-5444-8134-ce5d42232de2,b4a1b008-5a69-5c62-bda7-161e73a71efd,125.0,1.3506,1.345,1.3442,1.3314,5.5819,5.9013,5.8694,6.5089,3.8,3.8745,3.8511,3.872,False,NORMAL
e4e785ce-bf50-5cb1-8497-ccae57c60ffb,b4a1b008-5a69-5c62-bda7-161e73a71efd,125.0,1.4719,1.4866,1.5042,1.5311,7.7243,7.7787,7.8437,8.0407,3.9315,3.9149,3.9558,3.898,False,NORMAL
e52682e7-e170-5581-b621-ce69e90802b6,f5145f57-b4b2-5ef1-a572-85fd80b571b0,150.0,2.0608,2.2405,2.2576,2.3578,27.2823,27.6264,28.372,28.0501,4.0164,4.0387,4.0396,4.0537,False,NORMAL
e583ba11-3e35-5a31-a27a-43a9e97fbf9f,f5145f57-b4b2-5ef1-a572-85fd80b571b0,150.0,2.0792,2.1928,2.2746,2.2904,22.3407,22.2688,23.5976,23.3847,4.1221,4.1768,4.15,4.2296,False,NORMAL
e5dcc0ec-c14d-5b6f-9170-697c77392724,be6b1c50-1727-531d-a33e-b848c64545d9,150.0,2.4758,2.5405,2.5707,2.5995,25.6212,25.3247,25.1483,26.0906,3.9531,3.9915,4.0138,3.9277,False,NORMAL
e60913b7-45dd-5459-970c-3ba839cbabe2,f5145f57-b4b2-5ef1-a572-85fd80b571b0,150.0,2.1355,2.2808,2.2483,2.2593,30.123,31.7956,31.9424,31.4164,3.848,3.9676,4.0258,4.0005,False,NORMAL
e89e6c09-8238-55b5-b9b9-1c1893fc2b0c,f5145f57-b4b2-5ef1-a572-85fd80b571b0,150.0,2.2378,2.2645,2.3465,2.3212,26.9526,26.393,26.4617,27.9536,4.0043,4.0495,4.1043,4.1334,False,NORMAL
ea18e027-90ac-56fe-bb76-75d3db4bc269,d6309f35-b7fa-581b-bd71-727f63f28335,125.0,1.4155,1.4148,1.4738,1.4591,9.7847,9.4396,9.4335,9.852,4.1896,4.221,4.245,4.2658,False,NORMAL
ec31e52d-ff2e-51ee-8ca1-4ba77e474b0d,f5145f57-b4b2-5ef1-a572-85fd80b571b0,150.0,2.0083,2.0457,2.1658,2.2477,19.2095,19.4467,19.5427,20.1286,3.9517,3.8859,3.9519,3.9277,False,NORMAL
ed925138-3c89-5cf6-9c2a-9f5c27896b95,b4a1b008-5a69-5c62-bda7-161e73a71efd,125.0,1.3182,1.3645,1.367,1.3057,5.4342,5.5982,5.713,5.7765,3.7721,3.795,3.8278,3.784,False,NORMAL
ee0de49f-d51f-5c87-87d1-95df3a1df1a6,d6309f35-b7fa-581b-bd71-727f63f28335,125.0,1.3799,1.4023,1.3784,1.3955,7.4446,8.0685,8.136,8.0125,4.1907,4.1754,4.1965,4.2372,False,NORMAL
f04fbce2-454b-59d5-91aa-4cbca8cab663,b4a1b008-5a69-5c62-bda7-161e73a71efd,125.0,1.3916,1.4272,1.4397,1.4353,6.2407,6.3753,6.307,6.4472,3.7112,3.7307,3.7657,3.8064,False,NORMAL
f0a02488-e925-5d14-bf12-d7b18535766a,f5145f57-b4b2-5ef1-a572-85fd80b571b0,150.0,1.931,1.9707,1.921,1.9935,22.3716,23.6716,23.9767,23.8053,4.2122,4.2262,4.2582,4.2579,False,NORMAL
f1342034-2143-5992-a3f4-1614b0137827,b4a1b008-5a69-5c62-bda7-161e73a71efd,125.0,1.3668,1.3576,1.3901,1.3801,4.7385,4.6286,4.5766,4.8082,3.7389,3.7783,3.7814,3.7979,False,NORMAL
f37d0316-3a06-5a62-a151-1ada3451d00c,b4a1b008-5a69-5c62-bda7-161e73a71efd,125.0,1.3596,1.3649,1.355,1.3783,5.0542,5.1684,5.0177,5.3091,3.8628,3.9036,3.9202,3.9063,False,NORMAL
f509aecb-51ce-5924-8f50-03be560168b3,be6b1c50-1727-531d-a33e-b848c64545d9,150.0,2.4387,2.5607,2.51,2.6827,30.5626,30.5793,32.109,34.5531,3.9428,4.0506,4.0243,4.0998,False,NORMAL
f550ed4c-9486-5bd5-8826-7d2c1d92db4f,d6309f35-b7fa-581b-bd71-727f63f28335,125.0,1.451,1.4207,1.4668,1.4717,11.0049,11.4516,11.4025,11.8573,4.3839,4.4342,4.3772,4.4247,False,NORMAL
f6225c80-a745-5e34-a7ec-44bf16062120,b4a1b008-5a69-5c62-bda7-161e73a71efd,125.0,1.2536,1.2411,1.3023,1.2918,5.0914,5.0457,4.9933,5.3327,3.8723,3.9097,3.8425,3.8845,False,NORMAL
f6c23ab5-e17b-588e-b9f4-108a74d77d6d,be6b1c50-1727-531d-a33e-b848c64545d9,150.0,2.4727,2.4532,2.7465,2.7693,24.2768,25.8573,26.8987,26.3288,3.9817,4.0247,4.0301,4.0518,False,NORMAL
f6fb30b8-e0b6-5629-b6a5-a16bd9df412a,f5145f57-b4b2-5ef1-a572-85fd80b571b0,150.0,1.9518,2.0384,2.0462,2.1073,25.9918,25.8828,26.6901,26.8216,3.9798,4.0085,4.0498,4.0388,False,NORMAL
f72f6451-274e-559b-80fc-e0f70fdcc897,b4a1b008-5a69-5c62-bda7-161e73a71efd,125.0,1.3204,1.4196,1.445,1.3883,5.2585,5.5426,5.2527,5.7013,3.7732,3.7575,3.7863,3.8595,False,NORMAL
f8f23cb8-1372-5d6e-88bc-4ff7e33c434e,d6309f35-b7fa-581b-bd71-727f63f28335,125.0,1.2417,1.269,1.2457,1.2856,20.3908,21.0575,20.2571,20.9594,4.1102,4.0615,4.0706,4.1048,True,LEVEL_OUTLIER
f9c1d3fb-2a5b-5d9f-bd7f-de71a0967949,d6309f35-b7fa-581b-bd71-727f63f28335,125.0,1.3605,1.3832,1.4373,1.3495,8.5173,8.7538,9.0793,9.0213,4.4232,4.3643,4.4668,4.4343,False,NORMAL
f9e00a9f-48f1-59b8-866c-2a00bc298c58,b4a1b008-5a69-5c62-bda7-161e73a71efd,125.0,1.3561,1.3569,1.3986,1.3839,5.2897,5.2357,5.3854,5.5131,4.0115,4.0704,4.0831,4.1196,False,NORMAL
fb7bfe02-37bd-5c73-ad64-6586b79b4b6b,be6b1c50-1727-531d-a33e-b848c64545d9,150.0,2.0907,2.1769,2.2774,2.2679,23.5228,25.0456,25.6237,26.0216,3.8468,3.8343,3.9076,3.9271,False,NORMAL
fc03b1e2-2c64-5901-8561-e06acd2c9c28,be6b1c50-1727-531d-a33e-b848c64545d9,150.0,2.6759,2.7248,2.9218,3.07,34.3283,34.5889,35.6818,35.302,4.1175,4.2178,4.2037,4.2222,True,SUBTLE_MULTIVARIATE
fc3edff7-5d60-571d-8b3b-009ac2e2f99d,b4a1b008-5a69-5c62-bda7-161e73a71efd,125.0,1.3732,1.373,1.4007,1.4546,6.7503,6.8433,6.8999,7.0255,3.9794,3.9548,4.0098,3.9515,False,NORMAL
fccdd4e5-2fba-5be0-bd04-28b7c8a24f2b,d6309f35-b7fa-581b-bd71-727f63f28335,125.0,1.4271,1.4905,1.4914,1.4439,8.7737,9.1412,9.2122,9.0602,4.1768,4.1887,4.2256,4.2336,False,NORMAL
fcdeff8d-00e7-506b-97b8-a8c2ca87d7ed,be6b1c50-1727-531d-a33e-b848c64545d9,150.0,2.5247,2.7735,2.9489,2.9063,22.7072,23.8795,24.4847,25.8781,3.9139,4.006,4.0369,4.009,False,NORMAL
fd5b8df6-8b60-5cff-b0d3-d5b40e5b0fa5,d6309f35-b7fa-581b-bd71-727f63f28335,125.0,1.2849,1.3279,1.3783,1.3749,8.0804,8.0652,8.135,8.1098,4.2117,4.1994,4.2256,4.243,False,NORMAL
febe0fb1-2fe3-52f9-aaa1-28f9318bef77,f5145f57-b4b2-5ef1-a572-85fd80b571b0,150.0,2.1096,2.3004,2.2614,2.32,28.0968,29.3235,29.1913,30.9983,4.1903,4.2881,4.2587,4.262,False,NORMAL
ff495bc5-6548-59f6-8093-9689bd7e841a,f5145f57-b4b2-5ef1-a572-85fd80b571b0,150.0,2.1001,2.1863,2.2527,2.3272,27.3585,27.2262,29.4751,30.3539,4.0214,4.0099,4.0709,4.0467,False,NORMAL
ffcbea51-2bf6-5bbc-bff8-2777cf413228,d6309f35-b7fa-581b-bd71-727f63f28335,125.0,1.3624,1.3897,1.3452,1.3593,8.0061,7.9421,8.1896,8.4928,4.2211,4.2132,4.1898,4.234,False,NORMAL
fff4f3f7-f0d1-52ea-9925-39d2041c8095,be6b1c50-1727-531d-a33e-b848c64545d9,150.0,2.53,2.4884,2.4599,2.5128,26.0399,26.3682,27.9217,25.7862,3.8126,3.9182,3.9292,3.9419,False,NORMAL
